timestamp_us,ax,ay,az,qw,qx,qy,qz
1776792619.4205728,2.26,-0.65,8.96,0.0,2.26,-0.65,8.96
1776792619.7460692,1.61,-1.53,8.27,0.0,1.61,-1.53,8.27
1776792620.0561588,1.11,-1.27,8.58,0.0,1.11,-1.27,8.58
1776792620.4031084,1.11,-0.69,9.2,0.0,1.11,-0.69,9.2
1776792620.7234263,1.23,0.46,10.0,0.0,1.23,0.46,10.0
1776792621.028399,1.46,0.96,10.27,0.0,1.46,0.96,10.27
1776792621.3846817,1.42,0.65,10.04,0.0,1.42,0.65,10.04
1776792621.5222921,1.15,0.42,9.5,0.0,1.15,0.42,9.5
1776792621.600235,0.92,0.54,9.54,0.0,0.92,0.54,9.54
1776792621.7022111,0.73,1.04,9.27,0.0,0.73,1.04,9.27
1776792621.7026138,0.88,1.57,8.81,0.0,0.88,1.57,8.81
1776792621.8764584,1.23,2.18,8.81,0.0,1.23,2.18,8.81
1776792622.1927803,1.11,2.41,8.08,0.0,1.11,2.41,8.08
1776792622.3969498,1.3,2.61,7.74,0.0,1.3,2.61,7.74
1776792622.610219,1.19,2.84,7.7,0.0,1.19,2.84,7.7
1776792622.782799,1.23,2.99,7.66,0.0,1.23,2.99,7.66
1776792622.9502635,1.19,3.14,7.97,0.0,1.19,3.14,7.97
1776792623.1484103,0.73,2.49,7.74,0.0,0.73,2.49,7.74
1776792623.376982,0.61,2.45,7.62,0.0,0.61,2.45,7.62
1776792623.6059349,0.65,2.3,7.51,0.0,0.65,2.3,7.51
1776792623.7937198,1.15,2.57,7.47,0.0,1.15,2.57,7.47
1776792623.951103,1.15,2.53,7.62,0.0,1.15,2.53,7.62
1776792624.1696105,0.88,2.3,7.85,0.0,0.88,2.3,7.85
1776792624.3880632,1.04,2.26,8.04,0.0,1.04,2.26,8.04
1776792624.5963817,0.8,1.95,7.97,0.0,0.8,1.95,7.97
1776792624.8145597,0.73,2.03,8.08,0.0,0.73,2.03,8.08
1776792625.0073617,0.61,2.22,8.5,0.0,0.61,2.22,8.5
1776792625.2325854,0.3,2.07,8.66,0.0,0.3,2.07,8.66
1776792625.4615953,0.15,2.18,9.04,0.0,0.15,2.18,9.04
1776792625.702991,0.04,2.26,9.0,0.0,0.04,2.26,9.0
1776792625.767636,0.15,2.8,8.89,0.0,0.15,2.8,8.89
1776792625.859658,0.42,3.33,8.62,0.0,0.42,3.33,8.62
1776792625.8601084,0.38,3.18,8.31,0.0,0.38,3.18,8.31
1776792625.8675115,0.42,3.22,8.12,0.0,0.42,3.22,8.12
1776792625.8679094,0.15,3.26,8.08,0.0,0.15,3.26,8.08
1776792625.8681796,0.11,3.68,8.27,0.0,0.11,3.68,8.27
1776792625.8688922,0.11,3.87,8.5,0.0,0.11,3.87,8.5
1776792625.8692863,-0.08,3.68,8.43,0.0,-0.08,3.68,8.43
1776792625.8695905,-0.23,3.33,8.46,0.0,-0.23,3.33,8.46
1776792625.869865,-0.61,2.76,8.23,0.0,-0.61,2.76,8.23
1776792625.870117,-0.42,2.76,8.31,0.0,-0.42,2.76,8.31
1776792625.8703625,-0.46,2.68,8.08,0.0,-0.46,2.68,8.08
1776792625.876554,-0.54,2.84,8.35,0.0,-0.54,2.84,8.35
1776792625.876969,-0.15,3.18,8.7,0.0,-0.15,3.18,8.7
1776792625.8772664,-0.34,2.87,8.81,0.0,-0.34,2.87,8.81
1776792625.8775244,-0.5,2.57,9.12,0.0,-0.5,2.57,9.12
1776792625.877775,-0.73,1.68,9.31,0.0,-0.73,1.68,9.31
1776792625.894765,-0.77,1.3,9.54,0.0,-0.77,1.3,9.54
1776792625.9120102,-0.77,1.38,9.61,0.0,-0.77,1.38,9.61
1776792625.913218,-0.61,1.72,9.77,0.0,-0.61,1.72,9.77
1776792625.9141896,-0.34,2.26,10.0,0.0,-0.34,2.26,10.0
1776792626.2283237,-0.42,2.03,10.0,0.0,-0.42,2.03,10.0
1776792626.6706169,-0.27,1.91,10.27,0.0,-0.27,1.91,10.27
1776792627.1857243,-0.46,1.57,10.19,0.0,-0.46,1.57,10.19
1776792627.4027796,-0.19,1.46,10.3,0.0,-0.19,1.46,10.3
1776792627.4034705,-0.11,1.34,10.23,0.0,-0.11,1.34,10.23
1776792627.4038842,-0.11,0.69,9.81,0.0,-0.11,0.69,9.81
1776792627.404391,0.0,0.65,9.61,0.0,0.0,0.65,9.61
1776792627.4104934,0.27,0.96,9.2,0.0,0.27,0.96,9.2
1776792627.4168975,0.88,1.53,9.35,0.0,0.88,1.53,9.35
1776792627.4173164,0.96,1.15,9.35,0.0,0.96,1.15,9.35
1776792627.4278789,0.92,0.69,9.12,0.0,0.92,0.69,9.12
1776792627.7392998,0.84,0.0,8.96,0.0,0.84,0.0,8.96
1776792628.1119184,0.73,-0.96,8.89,0.0,0.73,-0.96,8.89
1776792628.508532,0.8,-1.07,9.08,0.0,0.8,-1.07,9.08
1776792628.8385873,0.73,-0.96,9.46,0.0,0.73,-0.96,9.46
1776792629.1817706,1.0,-0.38,9.81,0.0,1.0,-0.38,9.81
1776792629.5328634,1.07,-0.11,10.0,0.0,1.07,-0.11,10.0
1776792629.8630347,1.11,-0.08,10.34,0.0,1.11,-0.08,10.34
1776792630.232381,1.0,-0.34,10.04,0.0,1.0,-0.34,10.04
1776792630.4761205,0.88,-0.84,10.04,0.0,0.88,-0.84,10.04
1776792630.6688948,1.11,-1.04,9.77,0.0,1.11,-1.04,9.77
1776792630.8413775,1.11,-1.19,9.65,0.0,1.11,-1.19,9.65
1776792630.988992,1.3,-0.8,10.07,0.0,1.3,-0.8,10.07
1776792631.3087854,1.23,-0.57,10.27,0.0,1.23,-0.57,10.27
1776792631.5016782,0.65,0.46,14.48,0.0,0.65,0.46,14.48
1776792631.674149,0.46,1.0,15.9,0.0,0.46,1.0,15.9
1776792631.8870952,0.15,-0.42,13.02,0.0,0.15,-0.42,13.02
1776792632.0898967,0.61,-0.77,10.3,0.0,0.61,-0.77,10.3
1776792632.3691564,1.3,-0.8,8.89,0.0,1.3,-0.8,8.89
1776792632.5777795,1.3,-0.61,8.54,0.0,1.3,-0.61,8.54
1776792632.775543,1.19,-0.61,8.31,0.0,1.19,-0.61,8.31
1776792632.9936097,0.92,-0.11,8.46,0.0,0.92,-0.11,8.46
1776792633.2575433,1.04,0.8,9.23,0.0,1.04,0.8,9.23
1776792633.4712965,0.61,0.61,9.23,0.0,0.61,0.61,9.23
1776792633.6639977,0.46,0.19,9.31,0.0,0.46,0.19,9.31
1776792633.8718908,0.23,-0.42,9.2,0.0,0.23,-0.42,9.2
1776792634.0443432,0.15,-0.84,9.0,0.0,0.15,-0.84,9.0
1776792634.3390336,0.27,-0.27,9.42,0.0,0.27,-0.27,9.42
1776792634.5219133,0.15,-0.15,9.42,0.0,0.15,-0.15,9.42
1776792634.6944058,0.3,0.0,9.58,0.0,0.3,0.0,9.58
1776792634.8871326,0.19,-0.3,9.35,0.0,0.19,-0.3,9.35
1776792635.0798259,0.19,-0.46,9.31,0.0,0.19,-0.46,9.31
1776792635.3846428,0.11,-0.5,9.42,0.0,0.11,-0.5,9.42
1776792635.6896055,-0.27,-0.73,9.35,0.0,-0.27,-0.73,9.35
1776792636.0699074,-0.3,-0.8,9.65,0.0,-0.3,-0.8,9.65
1776792636.2775717,-0.65,-0.65,9.96,0.0,-0.65,-0.65,9.96
1776792636.277878,-0.77,-0.84,9.88,0.0,-0.77,-0.84,9.88
1776792636.278114,-1.11,-0.92,10.34,0.0,-1.11,-0.92,10.34
1776792636.2783375,-2.61,-0.46,13.1,0.0,-2.61,-0.46,13.1
1776792636.278558,-1.8,-1.68,9.31,0.0,-1.8,-1.68,9.31
1776792636.2787726,-1.91,-1.72,9.08,0.0,-1.91,-1.72,9.08
1776792636.278996,-2.03,-1.11,10.3,0.0,-2.03,-1.11,10.3
1776792636.2792108,-1.65,-0.73,9.61,0.0,-1.65,-0.73,9.61
1776792636.2794209,-1.57,-0.3,9.65,0.0,-1.57,-0.3,9.65
1776792636.2796295,-1.46,-0.04,9.61,0.0,-1.46,-0.04,9.61
1776792636.279844,-1.46,-0.34,9.46,0.0,-1.46,-0.34,9.46
1776792636.280058,-1.15,-0.08,9.61,0.0,-1.15,-0.08,9.61
1776792636.2803183,-0.84,0.34,9.54,0.0,-0.84,0.34,9.54
1776792636.2805204,-0.65,0.38,9.58,0.0,-0.65,0.38,9.58
1776792636.2807188,-0.38,0.38,9.61,0.0,-0.38,0.38,9.61
1776792636.2917707,-0.5,4.56,10.0,0.0,-0.5,4.56,10.0
1776792636.2920887,-0.57,4.25,10.27,0.0,-0.57,4.25,10.27
1776792636.2923124,-0.69,4.1,10.34,0.0,-0.69,4.1,10.34
1776792636.2925386,-0.65,3.87,10.42,0.0,-0.65,3.87,10.42
1776792636.2927713,-0.57,3.41,10.42,0.0,-0.57,3.41,10.42
1776792636.293002,-0.5,3.48,10.54,0.0,-0.5,3.48,10.54
1776792636.2932224,-0.5,3.26,10.57,0.0,-0.5,3.26,10.57
1776792636.3075435,-0.61,3.1,10.5,0.0,-0.61,3.1,10.5
1776792636.687349,-0.5,3.07,10.57,0.0,-0.5,3.07,10.57
1776792637.0428288,-0.38,2.53,10.54,0.0,-0.38,2.53,10.54
1776792637.4139662,-0.69,2.41,10.46,0.0,-0.69,2.41,10.46
1776792637.8110578,-0.65,1.53,10.0,0.0,-0.65,1.53,10.0
1776792638.1566482,-0.77,0.77,9.46,0.0,-0.77,0.77,9.46
1776792638.558093,-0.69,0.65,8.93,0.0,-0.69,0.65,8.93
1776792638.8880877,-0.69,0.69,8.73,0.0,-0.69,0.69,8.73
1776792639.2454405,-0.46,1.15,8.31,0.0,-0.46,1.15,8.31
1776792639.6216104,-0.19,1.46,8.08,0.0,-0.19,1.46,8.08
1776792639.9822466,0.04,2.07,7.89,0.0,0.04,2.07,7.89
1776792640.3535342,0.08,2.22,7.7,0.0,0.08,2.22,7.7
1776792640.6837406,0.19,2.64,7.39,0.0,0.19,2.64,7.39
1776792641.0544832,0.19,2.84,7.12,0.0,0.19,2.84,7.12
1776792641.4416623,0.27,2.61,6.7,0.0,0.27,2.61,6.7
1776792641.793005,0.46,2.64,6.51,0.0,0.46,2.64,6.51
1776792642.1486263,0.65,2.68,6.4,0.0,0.65,2.68,6.4
1776792642.5094926,0.88,3.07,6.51,0.0,0.88,3.07,6.51
1776792642.8672726,1.15,3.64,6.78,0.0,1.15,3.64,6.78
1776792643.0555804,1.19,3.98,7.24,0.0,1.19,3.98,7.24
1776792643.0774798,1.07,4.18,7.43,0.0,1.07,4.18,7.43
1776792643.0779784,0.8,4.29,8.16,0.0,0.8,4.29,8.16
1776792643.3772902,0.61,4.33,8.85,0.0,0.61,4.33,8.85
1776792643.6827073,0.27,4.52,9.35,0.0,0.27,4.52,9.35
1776792644.0147436,0.15,4.41,9.61,0.0,0.15,4.41,9.61
1776792644.3194246,0.0,4.37,9.73,0.0,0.0,4.37,9.73
1776792644.654514,-0.04,4.25,9.77,0.0,-0.04,4.25,9.77
1776792644.9522874,0.08,4.25,9.77,0.0,0.08,4.25,9.77
1776792645.2926035,0.15,4.21,9.58,0.0,0.15,4.21,9.58
1776792645.633339,0.23,4.52,9.69,0.0,0.23,4.52,9.69
1776792645.958187,0.23,4.86,9.73,0.0,0.23,4.86,9.73
1776792646.2887404,0.27,4.83,9.92,0.0,0.27,4.83,9.92
1776792646.6325357,0.3,4.83,10.0,0.0,0.3,4.83,10.0
1776792646.9472687,0.23,4.21,10.23,0.0,0.23,4.21,10.23
1776792647.2622745,0.11,4.1,10.69,0.0,0.11,4.1,10.69
1776792647.6235206,0.11,4.25,10.84,0.0,0.11,4.25,10.84
1776792647.9737217,0.08,4.41,11.11,0.0,0.08,4.41,11.11
1776792648.3089519,0.0,4.67,11.41,0.0,0.0,4.67,11.41
1776792648.6796365,-0.11,4.25,11.49,0.0,-0.11,4.25,11.49
1776792648.9943745,-0.15,3.71,10.96,0.0,-0.15,3.71,10.96
1776792649.368071,-0.15,3.33,10.07,0.0,-0.15,3.33,10.07
1776792649.7083142,-0.04,2.95,9.58,0.0,-0.04,2.95,9.58
1776792650.0281308,-0.34,2.61,8.81,0.0,-0.34,2.61,8.81
1776792650.4090095,-0.65,2.41,8.66,0.0,-0.65,2.41,8.66
1776792650.714455,-0.96,2.87,9.12,0.0,-0.96,2.87,9.12
1776792651.0343223,-1.0,3.07,9.12,0.0,-1.0,3.07,9.12
1776792651.3246226,-1.0,3.29,9.39,0.0,-1.0,3.29,9.39
1776792651.6343732,-1.07,3.26,9.39,0.0,-1.07,3.26,9.39
1776792651.9490829,-1.04,2.57,9.08,0.0,-1.04,2.57,9.08
1776792652.309577,-1.04,2.34,8.93,0.0,-1.04,2.34,8.93
1776792652.6244361,-0.92,1.68,8.31,0.0,-0.92,1.68,8.31
1776792652.9796877,-0.8,1.3,7.74,0.0,-0.8,1.3,7.74
1776792653.289486,-0.54,1.57,7.51,0.0,-0.54,1.57,7.51
1776792653.5891302,-0.38,1.61,7.47,0.0,-0.38,1.61,7.47
1776792653.888662,-0.3,1.99,7.51,0.0,-0.3,1.99,7.51
1776792654.193312,-0.08,2.26,7.66,0.0,-0.08,2.26,7.66
1776792654.5691688,-0.04,2.18,7.93,0.0,-0.04,2.18,7.93
1776792654.8636258,0.0,1.91,8.01,0.0,0.0,1.91,8.01
1776792655.136534,-0.04,1.23,7.89,0.0,-0.04,1.23,7.89
1776792655.4776134,-0.11,0.88,7.85,0.0,-0.11,0.88,7.85
1776792655.7074144,0.0,1.15,8.16,0.0,0.0,1.15,8.16
1776792655.973579,0.19,1.65,8.5,0.0,0.19,1.65,8.5
1776792656.1781516,0.23,2.26,8.77,0.0,0.23,2.26,8.77
1776792656.2935998,0.23,2.49,8.77,0.0,0.23,2.49,8.77
1776792656.5975509,0.19,2.64,8.93,0.0,0.19,2.64,8.93
1776792656.8889446,0.23,2.87,9.35,0.0,0.23,2.87,9.35
1776792657.0798295,0.19,2.84,10.3,0.0,0.19,2.84,10.3
1776792657.2698379,0.08,2.64,11.03,0.0,0.08,2.64,11.03
1776792657.342464,0.08,2.3,11.15,0.0,0.08,2.3,11.15
1776792657.4200587,0.11,2.11,11.03,0.0,0.11,2.11,11.03
1776792657.5824847,0.3,2.18,10.61,0.0,0.3,2.18,10.61
1776792657.7031286,0.5,2.76,10.69,0.0,0.5,2.76,10.69
1776792658.0225372,0.65,3.52,10.96,0.0,0.65,3.52,10.96
1776792658.3534296,0.73,3.83,11.11,0.0,0.73,3.83,11.11
1776792658.5929158,0.69,4.1,11.38,0.0,0.69,4.1,11.38
1776792658.8980677,0.38,3.75,11.15,0.0,0.38,3.75,11.15
1776792659.1937594,0.5,3.26,10.96,0.0,0.5,3.26,10.96
1776792659.5300348,0.54,3.03,10.69,0.0,0.54,3.03,10.69
1776792659.8703194,0.5,2.34,10.42,0.0,0.5,2.34,10.42
1776792660.2522917,0.57,1.65,10.19,0.0,0.57,1.65,10.19
1776792660.5621502,0.61,1.34,9.69,0.0,0.61,1.34,9.69
1776792660.8534706,0.57,1.07,9.54,0.0,0.57,1.07,9.54
1776792661.0159762,0.54,1.04,9.0,0.0,0.54,1.04,9.0
1776792661.1965346,0.65,1.07,8.66,0.0,0.65,1.07,8.66
1776792661.2879333,0.77,1.0,8.31,0.0,0.77,1.0,8.31
1776792661.482854,0.73,1.15,8.08,0.0,0.73,1.15,8.08
1776792661.57985,0.88,1.19,7.89,0.0,0.88,1.19,7.89
1776792661.6976607,1.0,1.46,7.7,0.0,1.0,1.46,7.7
1776792661.7632644,1.19,1.61,7.39,0.0,1.19,1.61,7.39
1776792661.8127437,1.23,1.3,6.97,0.0,1.23,1.3,6.97
1776792661.8428245,1.07,1.3,6.89,0.0,1.07,1.3,6.89
1776792662.0590007,1.07,1.42,6.74,0.0,1.07,1.42,6.74
1776792662.2184727,1.19,1.99,6.78,0.0,1.19,1.99,6.78
1776792662.4256253,1.27,2.57,6.7,0.0,1.27,2.57,6.7
1776792662.564562,1.23,2.68,6.7,0.0,1.23,2.68,6.7
1776792662.6228366,1.27,2.99,6.74,0.0,1.27,2.99,6.74
1776792662.6548343,1.3,3.33,7.09,0.0,1.3,3.33,7.09
1776792662.6849642,1.38,3.71,7.43,0.0,1.38,3.71,7.43
1776792662.7128217,1.3,3.83,7.74,0.0,1.3,3.83,7.74
1776792662.8046143,1.27,3.79,7.89,0.0,1.27,3.79,7.89
1776792662.9528422,1.23,3.98,8.16,0.0,1.23,3.98,8.16
1776792663.108787,1.27,4.1,8.31,0.0,1.27,4.1,8.31
1776792663.196241,1.27,4.33,8.46,0.0,1.27,4.33,8.46
1776792663.1966467,0.96,4.45,9.12,0.0,0.96,4.45,9.12
1776792663.196909,0.65,4.21,9.81,0.0,0.65,4.21,9.81
1776792663.2526536,0.19,3.83,10.57,0.0,0.19,3.83,10.57
1776792663.3126228,0.0,3.79,10.88,0.0,0.0,3.79,10.88
1776792663.541385,-0.04,3.87,10.65,0.0,-0.04,3.87,10.65
1776792663.6231508,0.27,4.29,10.19,0.0,0.27,4.29,10.19
1776792663.7521036,0.77,4.94,10.27,0.0,0.77,4.94,10.27
1776792663.7524636,0.96,5.25,10.34,0.0,0.96,5.25,10.34
1776792663.75271,1.11,5.29,10.61,0.0,1.11,5.29,10.61
1776792663.75292,0.8,5.25,11.03,0.0,0.8,5.25,11.03
1776792663.8681588,0.34,1.11,12.41,0.0,0.34,1.11,12.41
1776792664.0399165,0.15,-1.57,6.05,0.0,0.15,-1.57,6.05
1776792664.167913,1.42,-2.49,11.91,0.0,1.42,-2.49,11.91
1776792664.2976735,-0.77,-1.68,8.85,0.0,-0.77,-1.68,8.85
1776792664.3933022,0.57,-1.11,7.28,0.0,0.57,-1.11,7.28
1776792664.579839,-0.19,2.34,10.46,0.0,-0.19,2.34,10.46
1776792664.5802746,0.0,2.84,12.18,0.0,0.0,2.84,12.18
1776792664.8696942,-0.38,-1.72,12.68,0.0,-0.38,-1.72,12.68
1776792664.8916414,2.22,1.15,6.74,0.0,2.22,1.15,6.74
1776792664.8919308,2.07,-3.26,7.59,0.0,2.07,-3.26,7.59
1776792664.8921285,0.54,0.34,5.13,0.0,0.54,0.34,5.13
1776792664.8923385,2.3,-1.19,21.72,0.0,2.3,-1.19,21.72
1776792664.8925495,-0.73,1.34,10.73,0.0,-0.73,1.34,10.73
1776792664.8927517,0.96,-1.72,9.2,0.0,0.96,-1.72,9.2
1776792664.892959,-1.3,-3.29,6.97,0.0,-1.3,-3.29,6.97
1776792664.893179,-0.27,-0.08,13.18,0.0,-0.27,-0.08,13.18
1776792664.893388,-2.3,2.26,10.07,0.0,-2.3,2.26,10.07
1776792664.8935862,-1.46,3.41,9.92,0.0,-1.46,3.41,9.92
1776792664.893805,-0.38,-4.98,13.68,0.0,-0.38,-4.98,13.68
1776792664.8940048,-2.57,0.5,4.25,0.0,-2.57,0.5,4.25
1776792664.8942118,-0.19,2.8,10.61,0.0,-0.19,2.8,10.61
1776792664.909686,1.07,-0.11,5.94,0.0,1.07,-0.11,5.94
1776792665.198511,-0.15,-0.57,12.03,0.0,-0.15,-0.57,12.03
1776792665.1990979,2.57,-3.41,10.65,0.0,2.57,-3.41,10.65
1776792665.353316,0.08,2.3,3.95,0.0,0.08,2.3,3.95
1776792665.3826325,3.79,-4.56,6.63,0.0,3.79,-4.56,6.63
1776792665.592874,-2.14,0.88,5.17,0.0,-2.14,0.88,5.17
1776792665.7706964,2.26,-2.76,11.95,0.0,2.26,-2.76,11.95
1776792665.8475873,0.8,-2.68,5.29,0.0,0.8,-2.68,5.29
1776792666.0488808,-0.54,-3.6,4.18,0.0,-0.54,-3.6,4.18
1776792666.2214355,-0.23,0.5,13.98,0.0,-0.23,0.5,13.98
1776792666.405563,-5.44,4.02,10.34,0.0,-5.44,4.02,10.34
1776792666.6529853,-1.0,-2.07,7.97,0.0,-1.0,-2.07,7.97
1776792666.8835244,0.0,-0.77,6.4,0.0,0.0,-0.77,6.4
1776792667.0805275,1.88,-0.42,13.41,0.0,1.88,-0.42,13.41
1776792667.223021,2.84,-0.96,5.55,0.0,2.84,-0.96,5.55
1776792667.4383702,0.84,-3.37,2.64,0.0,0.84,-3.37,2.64
1776792667.7127335,1.34,0.57,14.98,0.0,1.34,0.57,14.98
1776792667.7132137,1.19,1.15,12.98,0.0,1.19,1.15,12.98
1776792667.7135115,0.34,-0.38,3.83,0.0,0.34,-0.38,3.83
1776792667.7137747,-0.65,-2.72,9.2,0.0,-0.65,-2.72,9.2
1776792667.7139919,0.84,0.69,7.85,0.0,0.84,0.69,7.85
1776792667.767545,-0.73,3.14,6.97,0.0,-0.73,3.14,6.97
1776792668.0075548,0.92,0.19,8.27,0.0,0.92,0.19,8.27
1776792668.2932894,1.19,-0.77,6.44,0.0,1.19,-0.77,6.44
1776792668.4483497,0.69,-2.68,16.39,0.0,0.69,-2.68,16.39
1776792668.5829153,0.15,2.26,4.48,0.0,0.15,2.26,4.48
1776792668.8325977,-0.11,1.42,12.49,0.0,-0.11,1.42,12.49
1776792668.9927378,0.3,0.42,5.4,0.0,0.3,0.42,5.4
1776792669.1002204,0.92,-1.65,14.14,0.0,0.92,-1.65,14.14
1776792669.221133,-2.76,-0.73,6.36,0.0,-2.76,-0.73,6.36
1776792669.2260752,-0.19,-0.92,12.6,0.0,-0.19,-0.92,12.6
1776792669.2263317,1.11,-1.04,3.18,0.0,1.11,-1.04,3.18
1776792669.448159,1.61,1.53,18.23,0.0,1.61,1.53,18.23
1776792669.6887014,-1.57,1.57,6.24,0.0,-1.57,1.57,6.24
1776792670.008622,0.77,-2.87,11.68,0.0,0.77,-2.87,11.68
1776792670.239063,0.23,0.27,3.71,0.0,0.23,0.27,3.71
1776792670.244407,1.07,-0.38,20.15,0.0,1.07,-0.38,20.15
1776792670.2447855,1.3,0.3,12.64,0.0,1.3,0.3,12.64
1776792670.2450445,1.61,-3.6,5.94,0.0,1.61,-3.6,5.94
1776792670.2453032,0.57,1.65,10.11,0.0,0.57,1.65,10.11
1776792670.245575,2.57,-5.21,7.24,0.0,2.57,-5.21,7.24
1776792670.2746973,-1.91,0.34,5.71,0.0,-1.91,0.34,5.71
1776792670.2755105,0.57,-1.8,9.23,0.0,0.57,-1.8,9.23
1776792670.275739,0.0,0.8,13.56,0.0,0.0,0.8,13.56
1776792670.2759304,0.73,0.46,8.16,0.0,0.73,0.46,8.16
1776792670.2761521,-0.15,3.1,13.37,0.0,-0.15,3.1,13.37
1776792670.2763824,0.34,-2.07,4.33,0.0,0.34,-2.07,4.33
1776792670.276693,-1.34,-0.15,15.25,0.0,-1.34,-0.15,15.25
1776792670.2769313,1.07,0.92,7.01,0.0,1.07,0.92,7.01
1776792670.2771814,-1.91,-3.03,13.98,0.0,-1.91,-3.03,13.98
1776792670.4883058,-0.38,1.34,10.46,0.0,-0.38,1.34,10.46
1776792670.5833478,-1.68,3.68,12.53,0.0,-1.68,3.68,12.53
1776792670.5838108,-0.69,2.99,9.73,0.0,-0.69,2.99,9.73
1776792670.5840974,1.65,-1.72,10.96,0.0,1.65,-1.72,10.96
1776792670.5843508,-3.33,-0.15,12.34,0.0,-3.33,-0.15,12.34
1776792670.7286668,1.49,-1.34,4.83,0.0,1.49,-1.34,4.83
1776792671.0791824,1.99,-0.73,7.82,0.0,1.99,-0.73,7.82
1776792671.4238374,2.34,-1.49,16.51,0.0,2.34,-1.49,16.51
1776792671.6731744,0.15,0.73,11.15,0.0,0.15,0.73,11.15
1776792671.8809242,0.0,-2.03,9.69,0.0,0.0,-2.03,9.69
1776792672.1527195,0.34,1.76,7.55,0.0,0.34,1.76,7.55
1776792672.4984965,0.27,-3.03,18.92,0.0,0.27,-3.03,18.92
1776792672.81825,0.84,-1.07,2.34,0.0,0.84,-1.07,2.34
1776792673.1132486,1.46,-0.42,9.35,0.0,1.46,-0.42,9.35
1776792673.4277008,-1.8,-4.1,9.69,0.0,-1.8,-4.1,9.69
1776792673.5007317,0.92,-0.15,9.16,0.0,0.92,-0.15,9.16
1776792673.6404207,1.72,0.5,5.82,0.0,1.72,0.5,5.82
1776792673.801019,0.96,-0.19,7.85,0.0,0.96,-0.19,7.85
1776792673.8279948,1.91,-2.14,19.19,0.0,1.91,-2.14,19.19
1776792673.8289347,-0.8,1.88,6.32,0.0,-0.8,1.88,6.32
1776792673.829273,0.27,0.65,10.73,0.0,0.27,0.65,10.73
1776792673.8296568,-0.3,2.3,7.24,0.0,-0.3,2.3,7.24
1776792673.8299623,1.61,0.15,11.41,0.0,1.61,0.15,11.41
1776792673.8302908,0.84,-2.99,6.82,0.0,0.84,-2.99,6.82
1776792673.9528253,0.73,0.54,8.39,0.0,0.73,0.54,8.39
1776792674.1527731,0.15,-2.41,9.69,0.0,0.15,-2.41,9.69
1776792674.158817,0.15,2.22,3.91,0.0,0.15,2.22,3.91
1776792674.1590533,2.61,-3.48,10.38,0.0,2.61,-3.48,10.38
1776792674.1592658,2.22,-0.27,6.17,0.0,2.22,-0.27,6.17
1776792674.1594834,3.03,-5.36,9.54,0.0,3.03,-5.36,9.54
1776792674.1596904,1.07,-1.76,7.36,0.0,1.07,-1.76,7.36
1776792674.1598938,1.57,-0.3,9.84,0.0,1.57,-0.3,9.84
1776792674.1601052,1.38,-3.07,11.61,0.0,1.38,-3.07,11.61
1776792674.160304,0.54,-1.95,9.16,0.0,0.54,-1.95,9.16
1776792674.1605127,0.11,2.37,11.15,0.0,0.11,2.37,11.15
1776792674.1607232,0.88,-0.23,3.07,0.0,0.88,-0.23,3.07
1776792674.160934,1.04,-1.49,11.91,0.0,1.04,-1.49,11.91
1776792674.1611443,0.27,-0.88,11.45,0.0,0.27,-0.88,11.45
1776792674.161344,-1.23,3.6,6.7,0.0,-1.23,3.6,6.7
1776792674.1615524,-1.53,-0.34,9.92,0.0,-1.53,-0.34,9.92
1776792674.1617749,-0.42,-0.38,10.61,0.0,-0.42,-0.38,10.61
1776792674.1619775,2.18,-1.0,9.73,0.0,2.18,-1.0,9.73
1776792674.162195,-0.11,-1.61,12.22,0.0,-0.11,-1.61,12.22
1776792674.1766572,-0.77,-2.87,10.88,0.0,-0.77,-2.87,10.88
1776792674.1771772,-1.04,0.57,5.82,0.0,-1.04,0.57,5.82
1776792674.1775393,0.54,1.57,7.82,0.0,0.54,1.57,7.82
1776792674.177807,1.88,-1.84,9.27,0.0,1.88,-1.84,9.27
1776792674.22287,2.03,-2.64,14.14,0.0,2.03,-2.64,14.14
1776792674.2231867,1.11,-0.42,2.95,0.0,1.11,-0.42,2.95
1776792674.4186127,1.0,1.88,9.88,0.0,1.0,1.88,9.88
1776792674.4535227,1.3,-3.87,13.21,0.0,1.3,-3.87,13.21
1776792674.4541843,2.76,-0.5,10.3,0.0,2.76,-0.5,10.3
1776792674.454568,-0.15,0.65,6.21,0.0,-0.15,0.65,6.21
1776792674.5926251,1.19,0.65,4.1,0.0,1.19,0.65,4.1
1776792674.6414032,1.11,-0.38,12.76,0.0,1.11,-0.38,12.76
1776792674.6417348,1.49,-1.0,7.43,0.0,1.49,-1.0,7.43
1776792674.7878785,1.07,0.5,10.04,0.0,1.07,0.5,10.04
1776792674.953059,2.26,-1.76,12.68,0.0,2.26,-1.76,12.68
1776792675.102103,-0.61,1.38,12.14,0.0,-0.61,1.38,12.14
1776792675.1634438,-0.08,-1.23,6.21,0.0,-0.08,-1.23,6.21
1776792675.192442,2.11,-0.46,15.21,0.0,2.11,-0.46,15.21
1776792675.1934,0.34,-2.68,11.15,0.0,0.34,-2.68,11.15
1776792675.198271,0.27,-0.8,8.93,0.0,0.27,-0.8,8.93
1776792675.2269282,0.69,0.0,5.44,0.0,0.69,0.0,5.44
1776792675.4047158,2.11,0.42,10.88,0.0,2.11,0.42,10.88
1776792675.569647,0.11,-0.19,12.03,0.0,0.11,-0.19,12.03
1776792675.6879146,1.19,-0.61,7.28,0.0,1.19,-0.61,7.28
1776792675.89763,0.92,-0.11,12.79,0.0,0.92,-0.11,12.79
1776792676.0496638,0.54,2.8,9.58,0.0,0.54,2.8,9.58
1776792676.1996996,2.03,0.08,16.97,0.0,2.03,0.08,16.97
1776792676.4531834,0.61,-0.57,4.1,0.0,0.61,-0.57,4.1
1776792676.623126,1.95,-0.27,7.09,0.0,1.95,-0.27,7.09
1776792676.7846546,2.41,-4.71,9.73,0.0,2.41,-4.71,9.73
1776792676.9551883,-0.84,2.61,23.71,0.0,-0.84,2.61,23.71
1776792677.1126418,-0.42,1.19,6.47,0.0,-0.42,1.19,6.47
1776792677.2247498,0.8,-0.5,5.98,0.0,0.8,-0.5,5.98
1776792677.4276946,0.23,-1.99,9.88,0.0,0.23,-1.99,9.88
1776792677.5734825,1.53,-1.42,10.84,0.0,1.53,-1.42,10.84
1776792677.7612038,-0.77,1.88,4.6,0.0,-0.77,1.88,4.6
1776792677.9678018,0.65,-2.49,15.02,0.0,0.65,-2.49,15.02
1776792678.1196659,0.42,-1.27,7.47,0.0,0.42,-1.27,7.47
1776792678.278177,0.8,1.15,12.11,0.0,0.8,1.15,12.11
1776792678.42477,-1.76,-4.41,0.65,0.0,-1.76,-4.41,0.65
1776792678.5976825,0.61,-3.41,17.85,0.0,0.61,-3.41,17.85
1776792678.6567905,-1.57,-0.46,5.02,0.0,-1.57,-0.46,5.02
1776792678.6570787,0.38,-0.46,5.05,0.0,0.38,-0.46,5.05
1776792678.6573062,-2.61,-3.29,23.33,0.0,-2.61,-3.29,23.33
1776792678.6575294,-2.37,-0.77,12.03,0.0,-2.37,-0.77,12.03
1776792678.6577215,0.61,0.42,3.6,0.0,0.61,0.42,3.6
1776792678.6579347,0.34,-2.45,13.87,0.0,0.34,-2.45,13.87
1776792678.6581378,2.03,0.15,10.61,0.0,2.03,0.15,10.61
1776792678.6583385,1.38,-3.37,2.99,0.0,1.38,-3.37,2.99
1776792678.6585662,1.84,0.0,10.11,0.0,1.84,0.0,10.11
1776792678.658791,3.18,-2.91,15.4,0.0,3.18,-2.91,15.4
1776792678.658994,0.23,0.88,5.29,0.0,0.23,0.88,5.29
1776792678.7953856,-0.38,0.11,8.62,0.0,-0.38,0.11,8.62
1776792678.7956753,-0.77,-1.27,8.73,0.0,-0.77,-1.27,8.73
1776792678.795895,-0.57,1.3,13.02,0.0,-0.57,1.3,13.02
1776792678.7961,0.0,-0.46,7.09,0.0,0.0,-0.46,7.09
1776792678.7963023,0.92,-4.29,3.52,0.0,0.92,-4.29,3.52
1776792678.7965124,0.15,-2.41,13.06,0.0,0.15,-2.41,13.06
1776792678.7967331,-2.07,-2.91,12.6,0.0,-2.07,-2.91,12.6
1776792678.7969363,1.46,-0.38,6.28,0.0,1.46,-0.38,6.28
1776792678.7971363,0.23,1.46,13.41,0.0,0.23,1.46,13.41
1776792678.797348,0.57,-2.03,16.01,0.0,0.57,-2.03,16.01
1776792678.7975414,2.34,0.96,6.82,0.0,2.34,0.96,6.82
1776792678.797732,0.84,1.19,5.25,0.0,0.84,1.19,5.25
1776792678.7979426,2.84,-3.22,17.43,0.0,2.84,-3.22,17.43
1776792678.798144,-0.27,2.64,6.97,0.0,-0.27,2.64,6.97
1776792678.798344,1.84,-0.73,8.39,0.0,1.84,-0.73,8.39
1776792678.9785922,2.76,-0.69,7.89,0.0,2.76,-0.69,7.89
1776792678.9788926,1.57,-0.08,12.34,0.0,1.57,-0.08,12.34
1776792678.9790993,0.61,-1.76,5.13,0.0,0.61,-1.76,5.13
1776792678.9792943,1.38,0.27,8.35,0.0,1.38,0.27,8.35
1776792678.9794996,0.38,2.34,10.73,0.0,0.38,2.34,10.73
1776792678.97971,-0.88,1.15,14.48,0.0,-0.88,1.15,14.48
1776792678.979913,0.42,-0.19,7.24,0.0,0.42,-0.19,7.24
1776792678.9801161,2.11,-2.18,9.88,0.0,2.11,-2.18,9.88
1776792678.9803078,1.88,0.42,4.33,0.0,1.88,0.42,4.33
1776792678.9805102,3.03,1.15,13.18,0.0,3.03,1.15,13.18
1776792678.9807045,0.34,0.65,6.66,0.0,0.34,0.65,6.66
1776792678.980916,0.77,-1.0,11.0,0.0,0.77,-1.0,11.0
1776792678.9811184,0.54,-0.08,7.43,0.0,0.54,-0.08,7.43
1776792678.9813309,0.88,-0.04,16.86,0.0,0.88,-0.04,16.86
1776792678.981531,-0.27,0.73,3.52,0.0,-0.27,0.73,3.52
1776792678.9817336,0.23,0.73,11.76,0.0,0.23,0.73,11.76
1776792679.0039446,0.11,0.88,7.82,0.0,0.11,0.88,7.82
1776792679.0049336,-0.23,-1.42,11.72,0.0,-0.23,-1.42,11.72
1776792679.005204,0.0,-0.54,3.14,0.0,0.0,-0.54,3.14
1776792679.005411,0.11,-3.41,7.43,0.0,0.11,-3.41,7.43
1776792679.0056045,0.57,0.15,6.66,0.0,0.57,0.15,6.66
1776792679.0058281,4.06,-0.42,14.63,0.0,4.06,-0.42,14.63
1776792679.0061166,0.96,-0.3,3.6,0.0,0.96,-0.3,3.6
1776792679.0064402,-0.19,-0.57,6.05,0.0,-0.19,-0.57,6.05
1776792679.0082786,2.26,1.04,12.3,0.0,2.26,1.04,12.3
1776792679.0106091,2.72,-1.15,12.53,0.0,2.72,-1.15,12.53
1776792679.0108395,-0.23,0.34,5.36,0.0,-0.23,0.34,5.36
1776792679.0110562,1.11,-1.53,10.77,0.0,1.11,-1.53,10.77
1776792679.0112584,0.46,-0.34,7.05,0.0,0.46,-0.34,7.05
1776792679.0114675,0.57,-0.15,19.84,0.0,0.57,-0.15,19.84
1776792679.011669,-0.04,0.8,6.13,0.0,-0.04,0.8,6.13
1776792679.0118613,2.22,1.53,6.44,0.0,2.22,1.53,6.44
1776792679.0120604,2.11,-0.96,5.52,0.0,2.11,-0.96,5.52
1776792679.0122707,0.5,-3.33,14.79,0.0,0.5,-3.33,14.79
1776792679.0124757,2.8,-0.19,4.37,0.0,2.8,-0.19,4.37
1776792679.0126739,5.32,-0.3,5.4,0.0,5.32,-0.3,5.4
1776792679.0128822,-0.57,-3.79,7.55,0.0,-0.57,-3.79,7.55
1776792679.013091,-0.46,-3.22,9.73,0.0,-0.46,-3.22,9.73
1776792679.0132885,0.54,1.19,10.3,0.0,0.54,1.19,10.3
1776792679.0134873,-0.15,1.07,5.29,0.0,-0.15,1.07,5.29
1776792679.0136962,0.38,-3.41,11.61,0.0,0.38,-3.41,11.61
1776792679.0355222,1.61,3.26,11.61,0.0,1.61,3.26,11.61
1776792679.0358834,1.46,-1.8,11.0,0.0,1.46,-1.8,11.0
1776792679.0931282,-0.57,-2.49,3.07,0.0,-0.57,-2.49,3.07
1776792679.4044003,1.61,-4.9,14.14,0.0,1.61,-4.9,14.14
1776792679.632717,0.73,2.03,9.31,0.0,0.73,2.03,9.31
1776792679.7855809,1.61,-0.38,6.89,0.0,1.61,-0.38,6.89
1776792679.7858818,1.84,-3.48,12.26,0.0,1.84,-3.48,12.26
1776792679.786091,0.73,-0.23,7.66,0.0,0.73,-0.23,7.66
1776792679.7862937,-1.11,1.3,3.68,0.0,-1.11,1.3,3.68
1776792679.8122392,1.8,-1.11,7.78,0.0,1.8,-1.11,7.78
1776792679.84641,3.1,-0.88,15.09,0.0,3.1,-0.88,15.09
1776792679.8467166,-0.27,1.04,9.08,0.0,-0.27,1.04,9.08
1776792679.8469305,0.69,-1.84,8.58,0.0,0.69,-1.84,8.58
1776792679.8471344,1.19,-1.23,8.27,0.0,1.19,-1.23,8.27
1776792679.847336,1.72,0.3,10.54,0.0,1.72,0.3,10.54
1776792679.847535,0.92,-1.68,8.66,0.0,0.92,-1.68,8.66
1776792679.8477354,-0.3,2.37,8.85,0.0,-0.3,2.37,8.85
1776792679.8479447,3.22,-1.84,11.99,0.0,3.22,-1.84,11.99
1776792679.848152,-0.46,-0.88,4.06,0.0,-0.46,-0.88,4.06
1776792679.8483598,2.3,-0.77,15.36,0.0,2.3,-0.77,15.36
1776792679.8485503,0.38,1.76,5.9,0.0,0.38,1.76,5.9
1776792679.8487678,-2.41,-2.64,16.55,0.0,-2.41,-2.64,16.55
1776792679.848967,2.61,-0.46,6.28,0.0,2.61,-0.46,6.28
1776792679.8491766,-2.68,2.95,11.95,0.0,-2.68,2.95,11.95
1776792679.849383,2.11,-4.52,-0.15,0.0,2.11,-4.52,-0.15
1776792679.9331937,-2.72,0.15,17.28,0.0,-2.72,0.15,17.28
1776792680.066328,1.19,0.46,8.16,0.0,1.19,0.46,8.16
1776792680.2898245,1.53,-2.99,3.33,0.0,1.53,-2.99,3.33
1776792680.5406208,-0.54,4.75,15.29,0.0,-0.54,4.75,15.29
1776792680.85026,0.61,-5.52,18.7,0.0,0.61,-5.52,18.7
1776792681.0147276,-0.5,0.23,7.01,0.0,-0.5,0.23,7.01
1776792681.165102,0.38,-0.57,6.82,0.0,0.38,-0.57,6.82
1776792681.2522945,-0.19,-0.5,11.34,0.0,-0.19,-0.5,11.34
1776792681.25324,2.84,-2.72,11.61,0.0,2.84,-2.72,11.61
1776792681.2535074,-1.42,2.68,-1.49,0.0,-1.42,2.68,-1.49
1776792681.253713,1.07,0.77,19.15,0.0,1.07,0.77,19.15
1776792681.28607,0.69,-1.23,7.59,0.0,0.69,-1.23,7.59
1776792681.3577828,0.19,-3.33,15.71,0.0,0.19,-3.33,15.71
1776792681.3858511,-1.0,-0.15,1.46,0.0,-1.0,-0.15,1.46
1776792681.4779985,1.0,-1.3,10.96,0.0,1.0,-1.3,10.96
1776792681.6577036,0.57,-1.27,10.57,0.0,0.57,-1.27,10.57
1776792681.673848,0.8,-3.48,11.07,0.0,0.8,-3.48,11.07
1776792681.7979558,0.88,-2.72,10.15,0.0,0.88,-2.72,10.15
1776792681.968372,3.07,-2.41,8.5,0.0,3.07,-2.41,8.5
1776792682.0927145,4.14,-0.19,9.35,0.0,4.14,-0.19,9.35
1776792682.2298295,2.45,1.19,12.98,0.0,2.45,1.19,12.98
1776792682.3633196,1.04,0.73,6.86,0.0,1.04,0.73,6.86
1776792682.6177704,1.46,-0.11,9.16,0.0,1.46,-0.11,9.16
1776792682.8429523,1.19,-2.68,9.46,0.0,1.19,-2.68,9.46
1776792683.0834012,1.0,-0.84,10.07,0.0,1.0,-0.84,10.07
1776792683.3677316,1.84,1.0,10.84,0.0,1.84,1.0,10.84
1776792683.5627837,2.37,0.15,8.39,0.0,2.37,0.15,8.39
1776792683.7727525,2.64,-2.45,8.01,0.0,2.64,-2.45,8.01
1776792683.9677448,1.99,-1.3,9.46,0.0,1.99,-1.3,9.46
1776792684.2284882,0.84,0.27,6.82,0.0,0.84,0.27,6.82
1776792684.5970821,0.8,-1.0,8.93,0.0,0.8,-1.0,8.93
1776792684.8227549,2.11,2.8,14.79,0.0,2.11,2.8,14.79
1776792685.0048635,0.65,0.04,11.11,0.0,0.65,0.04,11.11
1776792685.2589343,0.8,-2.07,9.31,0.0,0.8,-2.07,9.31
1776792685.605375,0.96,-1.04,9.65,0.0,0.96,-1.04,9.65
1776792685.758855,1.42,-0.46,8.58,0.0,1.42,-0.46,8.58
1776792685.9887812,3.1,1.23,10.19,0.0,3.1,1.23,10.19
1776792686.1729844,1.3,-0.5,10.04,0.0,1.3,-0.5,10.04
1776792686.4727483,1.19,0.96,12.53,0.0,1.19,0.96,12.53
1776792686.7451704,1.07,-1.95,6.89,0.0,1.07,-1.95,6.89
1776792686.9380326,2.41,-3.03,8.96,0.0,2.41,-3.03,8.96
1776792687.1460896,1.88,-0.57,7.43,0.0,1.88,-0.57,7.43
1776792687.4016678,1.95,0.77,14.33,0.0,1.95,0.77,14.33
1776792687.6112843,0.77,0.69,7.93,0.0,0.77,0.69,7.93
1776792687.7054477,0.54,-0.73,9.58,0.0,0.54,-0.73,9.58
1776792687.7452848,0.65,-0.19,9.04,0.0,0.65,-0.19,9.04
1776792687.9552922,0.42,0.38,7.85,0.0,0.42,0.38,7.85
1776792688.2334116,0.92,-1.91,15.55,0.0,0.92,-1.91,15.55
1776792688.493778,0.11,-0.3,5.09,0.0,0.11,-0.3,5.09
1776792688.737831,0.77,1.19,12.11,0.0,0.77,1.19,12.11
1776792688.953621,2.37,-0.46,8.89,0.0,2.37,-0.46,8.89
1776792689.172773,-0.38,-2.41,5.25,0.0,-0.38,-2.41,5.25
1776792689.262972,0.08,-1.95,16.51,0.0,0.08,-1.95,16.51
1776792689.2638774,0.88,1.3,8.27,0.0,0.88,1.3,8.27
1776792689.2642307,1.3,-0.27,5.67,0.0,1.3,-0.27,5.67
1776792689.2983518,0.69,-1.3,12.79,0.0,0.69,-1.3,12.79
1776792689.2988117,0.15,-1.57,11.61,0.0,0.15,-1.57,11.61
1776792689.2991734,-1.46,-0.3,10.34,0.0,-1.46,-0.3,10.34
1776792689.2995038,-0.3,3.83,11.95,0.0,-0.3,3.83,11.95
1776792689.3048844,2.34,-2.03,8.89,0.0,2.34,-2.03,8.89
1776792689.3051622,2.91,0.5,7.28,0.0,2.91,0.5,7.28
1776792689.4085088,0.65,0.5,13.29,0.0,0.65,0.5,13.29
1776792689.5078914,0.27,0.04,5.09,0.0,0.27,0.04,5.09
1776792689.5510814,0.84,-1.34,15.36,0.0,0.84,-1.34,15.36
1776792689.5732965,1.76,-1.38,11.3,0.0,1.76,-1.38,11.3
1776792689.5743287,0.77,-1.61,3.33,0.0,0.77,-1.61,3.33
1776792689.8731968,0.88,0.23,8.08,0.0,0.88,0.23,8.08
1776792690.2288566,3.56,-7.89,5.55,0.0,3.56,-7.89,5.55
1776792690.5835028,-0.11,1.57,20.42,0.0,-0.11,1.57,20.42
1776792690.7633479,0.88,-3.03,4.56,0.0,0.88,-3.03,4.56
1776792690.9738057,0.69,0.08,9.27,0.0,0.69,0.08,9.27
1776792691.035736,-0.96,0.38,16.24,0.0,-0.96,0.38,16.24
1776792691.2787101,-0.5,-0.38,7.97,0.0,-0.5,-0.38,7.97
1776792691.4638987,-0.46,2.57,8.35,0.0,-0.46,2.57,8.35
1776792691.7502375,1.8,-4.52,7.78,0.0,1.8,-4.52,7.78
1776792691.9037552,-0.19,-0.57,5.32,0.0,-0.19,-0.57,5.32
1776792692.1781952,0.77,0.8,15.17,0.0,0.77,0.8,15.17
1776792692.476135,1.27,0.88,6.24,0.0,1.27,0.88,6.24
1776792692.7351632,-0.04,-0.5,12.18,0.0,-0.04,-0.5,12.18
1776792692.9232056,1.8,-1.91,5.02,0.0,1.8,-1.91,5.02
1776792693.0898821,-2.8,1.49,10.23,0.0,-2.8,1.49,10.23
1776792693.2398896,1.88,-0.96,8.04,0.0,1.88,-0.96,8.04
1776792693.326769,0.65,-0.73,16.01,0.0,0.65,-0.73,16.01
1776792693.327084,-2.37,1.04,10.65,0.0,-2.37,1.04,10.65
1776792693.3273041,1.42,-2.34,4.37,0.0,1.42,-2.34,4.37
1776792693.3275304,-1.27,0.08,10.3,0.0,-1.27,0.08,10.3
1776792693.3277729,-1.76,-0.88,9.23,0.0,-1.76,-0.88,9.23
1776792693.327995,2.64,-0.96,6.63,0.0,2.64,-0.96,6.63
1776792693.3282063,1.38,-0.88,12.18,0.0,1.38,-0.88,12.18
1776792693.328416,0.15,-2.3,12.18,0.0,0.15,-2.3,12.18
1776792693.3302948,1.11,-0.69,10.8,0.0,1.11,-0.69,10.8
1776792693.330538,0.46,1.0,7.62,0.0,0.46,1.0,7.62
1776792693.3307607,1.72,-1.99,14.4,0.0,1.72,-1.99,14.4
1776792693.3309631,1.04,-0.15,8.73,0.0,1.04,-0.15,8.73
1776792693.3311636,0.5,-2.22,8.89,0.0,0.5,-2.22,8.89
1776792693.3313634,0.11,3.64,10.57,0.0,0.11,3.64,10.57
1776792693.3315556,0.61,0.27,8.16,0.0,0.61,0.27,8.16
1776792693.3317566,3.29,-1.46,8.85,0.0,3.29,-1.46,8.85
1776792693.3319652,1.53,-0.3,11.38,0.0,1.53,-0.3,11.38
1776792693.3321664,-0.34,2.37,9.81,0.0,-0.34,2.37,9.81
1776792693.3323588,0.88,0.11,8.39,0.0,0.88,0.11,8.39
1776792693.3325589,3.14,-0.65,3.91,0.0,3.14,-0.65,3.91
1776792693.3327696,1.46,-0.3,12.34,0.0,1.46,-0.3,12.34
1776792693.3329718,1.07,-0.61,4.67,0.0,1.07,-0.61,4.67
1776792693.333189,-2.45,-1.0,10.96,0.0,-2.45,-1.0,10.96
1776792693.333391,0.3,-2.76,7.16,0.0,0.3,-2.76,7.16
1776792693.3336098,-0.34,-2.03,10.5,0.0,-0.34,-2.03,10.5
1776792693.335935,2.76,-0.77,3.79,0.0,2.76,-0.77,3.79
1776792693.336173,0.57,-4.29,4.75,0.0,0.57,-4.29,4.75
1776792693.336436,-1.3,0.34,8.23,0.0,-1.3,0.34,8.23
1776792693.3366477,-0.11,-0.88,4.02,0.0,-0.11,-0.88,4.02
1776792693.3368492,1.11,-1.07,8.96,0.0,1.11,-1.07,8.96
1776792693.492839,-0.88,0.57,11.99,0.0,-0.88,0.57,11.99
1776792693.6332133,-1.3,3.03,14.06,0.0,-1.3,3.03,14.06
1776792693.8130076,-1.53,-0.54,4.83,0.0,-1.53,-0.54,4.83
1776792694.0434124,-0.69,0.96,7.16,0.0,-0.69,0.96,7.16
1776792694.1233928,-0.04,-0.3,9.65,0.0,-0.04,-0.3,9.65
1776792694.2748897,2.14,2.18,12.49,0.0,2.14,2.18,12.49
1776792694.3468237,0.5,-1.49,5.94,0.0,0.5,-1.49,5.94
1776792694.5365083,-0.19,1.15,8.04,0.0,-0.19,1.15,8.04
1776792694.7378573,0.23,3.48,16.93,0.0,0.23,3.48,16.93
1776792695.0848784,-0.96,-1.15,7.89,0.0,-0.96,-1.15,7.89
1776792695.307879,0.77,-1.15,9.35,0.0,0.77,-1.15,9.35
1776792695.5103426,-1.42,2.41,14.33,0.0,-1.42,2.41,14.33
1776792695.652858,0.96,2.61,13.21,0.0,0.96,2.61,13.21
1776792695.833007,-1.49,-1.46,8.77,0.0,-1.49,-1.46,8.77
1776792696.0137796,-0.34,1.49,9.54,0.0,-0.34,1.49,9.54
1776792696.2830687,0.34,-0.38,9.88,0.0,0.34,-0.38,9.88
1776792696.5962634,0.34,-1.38,10.84,0.0,0.34,-1.38,10.84
1776792696.5984669,-1.07,-1.23,7.93,0.0,-1.07,-1.23,7.93
1776792696.5986886,0.15,3.22,12.57,0.0,0.15,3.22,12.57
1776792696.598891,0.19,1.68,10.38,0.0,0.19,1.68,10.38
1776792696.5990903,0.84,-1.88,6.13,0.0,0.84,-1.88,6.13
1776792696.5992959,-0.11,-1.65,8.93,0.0,-0.11,-1.65,8.93
1776792696.5995011,0.27,-4.02,11.95,0.0,0.27,-4.02,11.95
1776792696.599699,1.46,-1.38,3.22,0.0,1.46,-1.38,3.22
1776792696.5999033,5.86,-0.04,11.19,0.0,5.86,-0.04,11.19
1776792696.6000988,2.91,-1.49,3.52,0.0,2.91,-1.49,3.52
1776792696.6002953,0.11,-0.08,9.69,0.0,0.11,-0.08,9.69
1776792696.6004903,0.11,-1.38,8.27,0.0,0.11,-1.38,8.27
1776792696.6006863,0.27,-1.11,5.79,0.0,0.27,-1.11,5.79
1776792696.6009016,-1.42,-1.34,14.14,0.0,-1.42,-1.34,14.14
1776792696.6010976,0.92,2.26,10.07,0.0,0.92,2.26,10.07
1776792696.6012945,0.5,-1.23,5.36,0.0,0.5,-1.23,5.36
1776792696.6014917,1.07,-0.46,8.54,0.0,1.07,-0.46,8.54
1776792696.6016967,1.53,-0.19,10.19,0.0,1.53,-0.19,10.19
1776792696.6018932,2.14,-0.23,7.32,0.0,2.14,-0.23,7.32
1776792696.602081,1.46,0.04,9.5,0.0,1.46,0.04,9.5
1776792696.6022766,0.27,-0.57,5.98,0.0,0.27,-0.57,5.98
1776792696.6025045,-0.11,-2.07,12.91,0.0,-0.11,-2.07,12.91
1776792696.6027153,-0.23,-0.15,9.77,0.0,-0.23,-0.15,9.77
1776792696.6029117,-0.15,0.57,8.93,0.0,-0.15,0.57,8.93
1776792696.6031935,1.15,-0.69,8.62,0.0,1.15,-0.69,8.62
1776792696.6034086,2.3,0.3,12.6,0.0,2.3,0.3,12.6
1776792696.6036181,-0.57,0.92,12.98,0.0,-0.57,0.92,12.98
1776792696.6038263,-0.73,-0.57,7.24,0.0,-0.73,-0.57,7.24
1776792696.604061,-0.88,-1.57,9.08,0.0,-0.88,-1.57,9.08
1776792696.6042707,0.46,-1.11,6.66,0.0,0.46,-1.11,6.66
1776792696.6044834,2.91,-4.86,10.8,0.0,2.91,-4.86,10.8
1776792696.6046727,2.26,0.19,8.31,0.0,2.26,0.19,8.31
1776792696.6048703,2.34,-0.84,7.59,0.0,2.34,-0.84,7.59
1776792696.6050675,1.19,-0.04,8.66,0.0,1.19,-0.04,8.66
1776792696.6052556,1.19,0.73,8.2,0.0,1.19,0.73,8.2
1776792696.6054702,-1.04,-1.65,14.4,0.0,-1.04,-1.65,14.4
1776792696.6056666,0.42,-2.11,5.29,0.0,0.42,-2.11,5.29
1776792696.605872,-0.3,2.26,14.36,0.0,-0.3,2.26,14.36
1776792696.6060596,0.08,1.27,9.23,0.0,0.08,1.27,9.23
1776792696.6062548,2.34,-4.41,5.63,0.0,2.34,-4.41,5.63
1776792696.6064775,-1.04,-1.23,10.84,0.0,-1.04,-1.23,10.84
1776792696.6066813,1.15,0.23,16.05,0.0,1.15,0.23,16.05
1776792696.6068718,0.57,0.08,7.43,0.0,0.57,0.08,7.43
1776792696.6070704,2.49,-1.99,2.14,0.0,2.49,-1.99,2.14
1776792696.6072688,0.65,1.72,20.3,0.0,0.65,1.72,20.3
1776792696.6074853,-0.38,-1.11,14.9,0.0,-0.38,-1.11,14.9
1776792696.607682,1.15,-0.84,4.14,0.0,1.15,-0.84,4.14
1776792696.6078813,1.57,0.65,11.57,0.0,1.57,0.65,11.57
1776792696.608098,-2.26,-1.53,10.69,0.0,-2.26,-1.53,10.69
1776792696.6083064,0.27,-4.21,13.98,0.0,0.27,-4.21,13.98
1776792696.6085467,1.04,-0.42,4.25,0.0,1.04,-0.42,4.25
1776792696.6087599,2.41,-0.46,7.93,0.0,2.41,-0.46,7.93
1776792696.6089606,0.96,0.08,13.41,0.0,0.96,0.08,13.41
1776792696.6091778,-0.34,-3.18,13.95,0.0,-0.34,-3.18,13.95
1776792696.6093764,1.53,-0.96,9.61,0.0,1.53,-0.96,9.61
1776792696.6095736,0.23,-0.04,5.17,0.0,0.23,-0.04,5.17
1776792696.6097891,-0.65,-2.03,20.3,0.0,-0.65,-2.03,20.3
1776792696.6099865,-1.15,2.91,5.09,0.0,-1.15,2.91,5.09
1776792696.6102474,0.96,-1.27,2.49,0.0,0.96,-1.27,2.49
1776792696.6104684,-0.54,1.34,6.24,0.0,-0.54,1.34,6.24
1776792696.6107283,-1.76,2.68,22.33,0.0,-1.76,2.68,22.33
1776792696.6109297,-0.46,0.27,8.93,0.0,-0.46,0.27,8.93
1776792696.7949586,-0.15,-0.42,1.65,0.0,-0.15,-0.42,1.65
1776792696.9628031,-0.38,-1.04,7.28,0.0,-0.38,-1.04,7.28
1776792697.3285737,1.07,-0.57,12.34,0.0,1.07,-0.57,12.34
1776792697.7198489,-0.23,-0.23,10.69,0.0,-0.23,-0.23,10.69
1776792698.0758357,1.11,0.5,7.24,0.0,1.11,0.5,7.24
1776792698.512796,-0.65,-2.3,11.0,0.0,-0.65,-2.3,11.0
1776792698.9140723,-1.07,1.3,11.8,0.0,-1.07,1.3,11.8
1776792699.254311,0.34,0.84,8.89,0.0,0.34,0.84,8.89
1776792699.6555977,1.49,-0.65,9.54,0.0,1.49,-0.65,9.54
1776792700.0320873,1.53,-3.26,11.07,0.0,1.53,-3.26,11.07
1776792700.3853297,-0.04,0.92,7.78,0.0,-0.04,0.92,7.78
1776792700.7411947,-0.23,2.84,11.07,0.0,-0.23,2.84,11.07
1776792700.917964,1.19,0.65,7.24,0.0,1.19,0.65,7.24
1776792701.0906742,3.87,-2.72,14.25,0.0,3.87,-2.72,14.25
1776792701.247912,0.77,-0.46,1.38,0.0,0.77,-0.46,1.38
1776792701.5516288,0.54,-0.54,11.15,0.0,0.54,-0.54,11.15
1776792701.787983,1.42,-6.7,2.68,0.0,1.42,-6.7,2.68
1776792702.0541635,0.27,2.37,24.71,0.0,0.27,2.37,24.71
1776792702.338693,-0.69,1.19,8.2,0.0,-0.69,1.19,8.2
1776792702.632989,2.45,-1.19,4.75,0.0,2.45,-1.19,4.75
1776792702.923192,0.19,-1.07,12.07,0.0,0.19,-1.07,12.07
1776792703.1379576,1.95,-1.15,13.98,0.0,1.95,-1.15,13.98
1776792703.4130542,1.84,0.84,6.09,0.0,1.84,0.84,6.09
1776792703.7235916,-0.61,-1.76,8.54,0.0,-0.61,-1.76,8.54
1776792704.0729036,0.69,-1.27,9.84,0.0,0.69,-1.27,9.84
1776792704.3532207,-0.73,1.04,9.46,0.0,-0.73,1.04,9.46
1776792704.488787,0.96,-1.49,6.02,0.0,0.96,-1.49,6.02
1776792704.7730076,0.19,1.84,14.98,0.0,0.19,1.84,14.98
1776792705.0896332,-1.34,0.77,10.34,0.0,-1.34,0.77,10.34
1776792705.3730175,2.72,0.96,1.61,0.0,2.72,0.96,1.61
1776792705.6279912,-1.27,0.73,7.36,0.0,-1.27,0.73,7.36
1776792705.9952517,0.34,-0.23,19.84,0.0,0.34,-0.23,19.84
1776792706.2740085,1.3,0.69,9.31,0.0,1.3,0.69,9.31
1776792706.4232435,2.45,-0.34,4.45,0.0,2.45,-0.34,4.45
1776792706.6050198,2.18,0.11,8.66,0.0,2.18,0.11,8.66
1776792706.693057,0.15,-2.18,13.37,0.0,0.15,-2.18,13.37
1776792706.755206,0.57,1.15,9.16,0.0,0.57,1.15,9.16
1776792706.8153365,1.53,-1.04,3.68,0.0,1.53,-1.04,3.68
1776792707.019616,1.07,1.23,19.46,0.0,1.07,1.23,19.46
1776792707.278111,-0.92,-0.3,6.09,0.0,-0.92,-0.3,6.09
1776792707.3382273,0.57,-0.61,8.39,0.0,0.57,-0.61,8.39
1776792707.6251304,1.42,1.19,17.24,0.0,1.42,1.19,17.24
1776792707.666251,-3.07,-2.37,8.35,0.0,-3.07,-2.37,8.35
1776792707.7378154,0.04,0.0,4.64,0.0,0.04,0.0,4.64
1776792707.7890108,0.34,-1.53,4.9,0.0,0.34,-1.53,4.9
1776792707.8353431,1.23,1.72,18.54,0.0,1.23,1.72,18.54
1776792707.8916762,1.76,-0.54,0.0,0.0,1.76,-0.54,0.0
1776792707.9785326,-3.6,3.37,15.59,0.0,-3.6,3.37,15.59
1776792708.0602355,-1.8,4.98,10.42,0.0,-1.8,4.98,10.42
1776792708.101242,-1.57,2.34,16.43,0.0,-1.57,2.34,16.43
1776792708.1575675,0.08,-1.91,2.18,0.0,0.08,-1.91,2.18
1776792708.2138867,-3.52,1.88,15.59,0.0,-3.52,1.88,15.59
1776792708.2548814,-0.69,-2.84,9.96,0.0,-0.69,-2.84,9.96
1776792708.3111372,-0.15,-3.45,1.8,0.0,-0.15,-3.45,1.8
1776792708.3369293,1.0,0.57,11.15,0.0,1.0,0.57,11.15
1776792708.3528543,1.07,-1.53,9.08,0.0,1.07,-1.53,9.08
1776792708.610421,1.3,5.36,16.47,0.0,1.3,5.36,16.47
1776792708.661696,0.73,-0.92,3.71,0.0,0.73,-0.92,3.71
1776792708.718052,0.96,0.69,12.6,0.0,0.96,0.69,12.6
1776792708.753979,0.27,3.29,15.4,0.0,0.27,3.29,15.4
1776792708.769632,0.54,-2.34,3.91,0.0,0.54,-2.34,3.91
1776792708.790321,-0.04,0.5,9.88,0.0,-0.04,0.5,9.88
1776792709.1469,0.15,-1.8,12.79,0.0,0.15,-1.8,12.79
1776792709.3867066,-1.88,-1.99,8.01,0.0,-1.88,-1.99,8.01
1776792709.6721194,1.68,1.15,4.21,0.0,1.68,1.15,4.21
1776792709.9522932,0.8,0.34,4.9,0.0,0.8,0.34,4.9
1776792710.2269518,2.87,-0.61,13.29,0.0,2.87,-0.61,13.29
1776792710.496949,0.57,-0.42,5.21,0.0,0.57,-0.42,5.21
1776792710.7210112,1.19,-0.88,10.77,0.0,1.19,-0.88,10.77
1776792710.9755251,0.23,1.61,10.84,0.0,0.23,1.61,10.84
1776792711.1345792,1.3,-0.92,11.45,0.0,1.3,-0.92,11.45
1776792711.2259588,1.3,-0.88,7.12,0.0,1.3,-0.88,7.12
1776792711.4031563,2.61,-0.3,10.38,0.0,2.61,-0.3,10.38
1776792711.7383316,1.8,-0.23,11.91,0.0,1.8,-0.23,11.91
1776792712.101145,-0.23,-1.49,10.54,0.0,-0.23,-1.49,10.54
1776792712.4872198,1.38,0.38,7.85,0.0,1.38,0.38,7.85
1776792712.8937726,-0.34,-1.04,5.75,0.0,-0.34,-1.04,5.75
1776792713.239126,0.3,2.91,13.56,0.0,0.3,2.91,13.56
1776792713.6608455,-0.54,0.19,12.79,0.0,-0.54,0.19,12.79
1776792714.0621288,0.88,-0.92,5.4,0.0,0.88,-0.92,5.4
1776792714.3922012,0.88,1.19,9.42,0.0,0.88,1.19,9.42
1776792714.7324297,2.07,-1.68,7.39,0.0,2.07,-1.68,7.39
1776792715.057692,0.77,0.34,16.01,0.0,0.77,0.34,16.01
1776792715.388799,-0.88,1.61,8.08,0.0,-0.88,1.61,8.08
1776792715.6645267,-0.92,0.54,12.41,0.0,-0.92,0.54,12.41
1776792715.6647964,1.23,0.08,8.73,0.0,1.23,0.08,8.73
1776792715.665003,3.83,-2.18,5.98,0.0,3.83,-2.18,5.98
1776792715.6652126,0.65,-0.23,14.86,0.0,0.65,-0.23,14.86
1776792715.6654003,1.65,0.57,7.05,0.0,1.65,0.57,7.05
1776792715.665608,-0.73,1.15,12.49,0.0,-0.73,1.15,12.49
1776792715.665805,0.3,-0.04,6.51,0.0,0.3,-0.04,6.51
1776792715.66602,-0.19,-2.37,13.21,0.0,-0.19,-2.37,13.21
1776792715.6662273,-1.15,1.57,10.65,0.0,-1.15,1.57,10.65
1776792715.6769085,2.14,0.3,11.53,0.0,2.14,0.3,11.53
1776792715.9717777,0.77,0.54,8.35,0.0,0.77,0.54,8.35
1776792716.2712643,1.84,-3.48,7.09,0.0,1.84,-3.48,7.09
1776792716.5767415,1.0,0.65,8.93,0.0,1.0,0.65,8.93
1776792716.911844,1.38,-1.15,9.54,0.0,1.38,-1.15,9.54
1776792717.2620852,-0.42,3.75,10.07,0.0,-0.42,3.75,10.07
1776792717.5888276,1.19,-1.38,6.78,0.0,1.19,-1.38,6.78
1776792717.9249523,-0.23,0.23,16.82,0.0,-0.23,0.23,16.82
1776792718.2447782,-0.69,0.27,8.85,0.0,-0.69,0.27,8.85
1776792718.600364,0.73,0.0,9.23,0.0,0.73,0.0,9.23
1776792718.916486,1.61,0.23,3.91,0.0,1.61,0.23,3.91
1776792718.9190297,1.27,-1.19,17.39,0.0,1.27,-1.19,17.39
1776792718.9192603,-0.88,1.68,9.81,0.0,-0.88,1.68,9.81
1776792718.9194665,2.72,-1.49,4.41,0.0,2.72,-1.49,4.41
1776792718.9196694,1.38,-0.19,8.01,0.0,1.38,-0.19,8.01
1776792718.9198802,2.91,-0.65,18.08,0.0,2.91,-0.65,18.08
1776792718.920091,-1.61,0.3,12.26,0.0,-1.61,0.3,12.26
1776792718.9202936,1.3,-1.34,3.75,0.0,1.3,-1.34,3.75
1776792718.9204946,0.61,0.34,10.5,0.0,0.61,0.34,10.5
1776792718.9207027,2.18,-0.46,16.24,0.0,2.18,-0.46,16.24
1776792718.9209237,-2.53,-1.11,16.55,0.0,-2.53,-1.11,16.55
1776792718.9211252,0.92,-0.92,4.18,0.0,0.92,-0.92,4.18
1776792718.9213355,1.0,-1.19,10.88,0.0,1.0,-1.19,10.88
1776792718.921545,1.88,-2.61,12.6,0.0,1.88,-2.61,12.6
1776792718.9217646,-1.0,-0.46,18.43,0.0,-1.0,-0.46,18.43
1776792718.921965,0.5,-0.11,1.38,0.0,0.5,-0.11,1.38
1776792718.9221668,1.19,-1.11,9.08,0.0,1.19,-1.11,9.08
1776792718.9223785,1.57,-0.19,14.67,0.0,1.57,-0.19,14.67
1776792718.9225874,-2.26,0.46,9.92,0.0,-2.26,0.46,9.92
1776792718.9227898,1.49,-0.57,1.0,0.0,1.49,-0.57,1.0
1776792718.9229894,0.46,2.07,10.61,0.0,0.46,2.07,10.61
1776792718.92324,0.92,0.73,15.82,0.0,0.92,0.73,15.82
1776792718.9234726,-1.19,-0.69,9.04,0.0,-1.19,-0.69,9.04
1776792718.9236684,0.8,0.34,4.25,0.0,0.8,0.34,4.25
1776792718.92386,0.3,0.04,8.85,0.0,0.3,0.04,8.85
1776792718.9240713,1.42,-0.46,13.91,0.0,1.42,-0.46,13.91
1776792718.9242754,-0.34,0.77,5.02,0.0,-0.34,0.77,5.02
1776792718.9244773,0.19,-0.92,7.05,0.0,0.19,-0.92,7.05
1776792718.924681,-0.3,2.45,9.35,0.0,-0.3,2.45,9.35
1776792718.9248934,3.68,-1.11,12.72,0.0,3.68,-1.11,12.72
1776792718.9250953,0.61,-0.3,1.99,0.0,0.61,-0.3,1.99
1776792718.9253063,1.23,-0.11,17.81,0.0,1.23,-0.11,17.81
1776792718.9255092,-0.92,0.61,0.88,0.0,-0.92,0.61,0.88
1776792718.9257104,1.23,2.3,15.67,0.0,1.23,2.3,15.67
1776792718.9259121,-0.96,3.41,7.24,0.0,-0.96,3.41,7.24
1776792718.9261239,1.72,-1.19,15.59,0.0,1.72,-1.19,15.59
1776792718.9263248,0.08,-0.27,3.87,0.0,0.08,-0.27,3.87
1776792718.9265437,1.65,-1.53,14.1,0.0,1.65,-1.53,14.1
1776792718.9267495,-0.34,1.0,6.55,0.0,-0.34,1.0,6.55
1776792718.9269686,-3.41,-0.8,15.05,0.0,-3.41,-0.8,15.05
1776792718.927161,3.56,0.54,2.64,0.0,3.56,0.54,2.64
1776792718.927371,1.49,-1.0,14.59,0.0,1.49,-1.0,14.59
1776792718.9275837,-0.15,-0.15,5.94,0.0,-0.15,-0.15,5.94
1776792718.9278052,-2.76,-0.61,14.14,0.0,-2.76,-0.61,14.14
1776792718.928007,2.26,0.34,-1.34,0.0,2.26,0.34,-1.34
1776792718.9282172,-0.61,1.53,18.66,0.0,-0.61,1.53,18.66
1776792718.9284613,-0.27,3.14,8.85,0.0,-0.27,3.14,8.85
1776792718.9286816,0.88,-0.34,9.96,0.0,0.88,-0.34,9.96
1776792718.9288933,0.3,-0.3,-1.34,0.0,0.3,-0.3,-1.34
1776792718.929104,-1.0,0.34,15.32,0.0,-1.0,0.34,15.32
1776792718.929361,-0.46,3.75,13.18,0.0,-0.46,3.75,13.18
1776792718.9295604,-0.23,0.15,7.09,0.0,-0.23,0.15,7.09
1776792718.929759,0.19,-0.46,4.14,0.0,0.19,-0.46,4.14
1776792718.9302192,0.46,-0.04,9.65,0.0,0.46,-0.04,9.65
1776792718.930488,0.42,-0.23,9.65,0.0,0.42,-0.23,9.65
1776792718.9307082,0.54,-0.08,9.77,0.0,0.54,-0.08,9.77
1776792718.9309118,0.5,-0.23,9.73,0.0,0.5,-0.23,9.73
1776792718.9311488,0.46,-0.15,9.65,0.0,0.46,-0.15,9.65
1776792719.1245153,0.42,-0.08,9.69,0.0,0.42,-0.08,9.69
1776792719.4143052,0.38,-0.15,9.69,0.0,0.38,-0.15,9.69
1776792719.6384954,0.46,-0.11,9.69,0.0,0.46,-0.11,9.69
1776792719.924227,0.46,-0.15,9.65,0.0,0.46,-0.15,9.65
1776792720.3052,0.46,-0.19,9.65,0.0,0.46,-0.19,9.65
1776792720.6141481,0.46,-0.19,9.69,0.0,0.46,-0.19,9.69
1776792720.9139736,0.42,-0.19,9.77,0.0,0.42,-0.19,9.77
1776792721.2095096,0.5,-0.08,9.69,0.0,0.5,-0.08,9.69
1776792721.4236941,0.5,-0.23,9.69,0.0,0.5,-0.23,9.69
1776792721.6631021,0.42,-0.15,9.61,0.0,0.42,-0.15,9.61
1776792721.8707347,0.46,-0.23,9.69,0.0,0.46,-0.23,9.69
1776792721.965208,0.38,-0.19,9.73,0.0,0.38,-0.19,9.73
1776792721.9654791,0.42,-0.08,9.65,0.0,0.42,-0.08,9.65
1776792721.9656847,0.46,-0.15,9.65,0.0,0.46,-0.15,9.65
1776792721.965885,0.38,-0.11,9.58,0.0,0.38,-0.11,9.58
1776792721.9660826,0.46,-0.19,9.65,0.0,0.46,-0.19,9.65
1776792722.0259335,0.42,-0.27,9.73,0.0,0.42,-0.27,9.73
1776792722.2031555,0.46,-0.04,9.69,0.0,0.46,-0.04,9.69
1776792722.3634179,0.42,-0.23,9.58,0.0,0.42,-0.23,9.58
1776792722.4310637,0.46,-0.19,9.58,0.0,0.46,-0.19,9.58
1776792722.5038042,0.42,-0.23,9.69,0.0,0.42,-0.23,9.69
1776792722.6732004,0.38,-0.23,9.73,0.0,0.38,-0.23,9.73
1776792722.8532784,0.42,-0.19,9.61,0.0,0.42,-0.19,9.61
1776792722.9135478,0.34,-0.27,9.58,0.0,0.34,-0.27,9.58
1776792723.0784187,0.42,-0.11,9.58,0.0,0.42,-0.11,9.58
1776792723.1287053,0.46,-0.19,9.61,0.0,0.46,-0.19,9.61
1776792723.2816143,0.46,-0.08,9.69,0.0,0.46,-0.08,9.69
1776792723.3128364,0.46,-0.19,9.69,0.0,0.46,-0.19,9.69
1776792723.3136992,0.42,-0.23,9.61,0.0,0.42,-0.23,9.61
1776792723.3142374,0.46,-0.15,9.65,0.0,0.46,-0.15,9.65
1776792723.3175933,0.42,-0.19,9.73,0.0,0.42,-0.19,9.73
1776792723.3199172,0.38,-0.08,9.65,0.0,0.38,-0.08,9.65
1776792723.3201408,0.42,-0.19,9.61,0.0,0.42,-0.19,9.61
1776792723.320343,0.38,-0.3,9.58,0.0,0.38,-0.3,9.58
1776792723.3205428,0.42,-0.11,9.61,0.0,0.42,-0.11,9.61
1776792723.320743,0.46,-0.23,9.69,0.0,0.46,-0.23,9.69
1776792723.3209422,0.46,-0.08,9.65,0.0,0.46,-0.08,9.65
1776792723.321142,0.46,-0.15,9.65,0.0,0.46,-0.15,9.65
1776792723.3213403,0.46,-0.27,9.61,0.0,0.46,-0.27,9.61
1776792723.321538,0.54,-0.15,9.69,0.0,0.54,-0.15,9.69
1776792723.3217368,0.57,-0.11,9.69,0.0,0.57,-0.11,9.69
1776792723.321935,0.42,-0.15,9.69,0.0,0.42,-0.15,9.69
1776792723.322132,0.54,-0.23,9.65,0.0,0.54,-0.23,9.65
1776792723.3223214,1.0,0.38,9.88,0.0,1.0,0.38,9.88
1776792723.3982666,0.88,0.19,9.42,0.0,0.88,0.19,9.42
1776792723.4089866,1.57,-0.27,10.5,0.0,1.57,-0.27,10.5
1776792723.4093733,2.03,-1.65,9.12,0.0,2.03,-1.65,9.12
1776792723.4096966,2.68,-1.15,9.42,0.0,2.68,-1.15,9.42
1776792723.409956,2.07,0.92,10.0,0.0,2.07,0.92,10.0
1776792723.6120706,1.68,-0.69,9.2,0.0,1.68,-0.69,9.2
1776792723.7931201,2.11,0.61,11.15,0.0,2.11,0.61,11.15
1776792723.879199,1.3,0.46,10.54,0.0,1.3,0.46,10.54
1776792724.0035903,0.19,-0.42,9.39,0.0,0.19,-0.42,9.39
1776792724.1955016,0.96,-0.69,10.38,0.0,0.96,-0.69,10.38
1776792724.3854108,1.3,-0.08,8.62,0.0,1.3,-0.08,8.62
1776792724.5136123,1.15,0.5,8.85,0.0,1.15,0.5,8.85
1776792724.6386533,1.76,-1.72,6.93,0.0,1.76,-1.72,6.93
1776792724.7831683,1.99,2.07,16.62,0.0,1.99,2.07,16.62
1776792724.8586054,1.0,-0.92,5.75,0.0,1.0,-0.92,5.75
1776792724.8913338,0.84,-0.08,9.35,0.0,0.84,-0.08,9.35
1776792724.993167,0.38,1.0,7.24,0.0,0.38,1.0,7.24
1776792725.2388208,1.3,0.3,8.93,0.0,1.3,0.3,8.93
1776792725.4206033,2.41,0.65,8.77,0.0,2.41,0.65,8.77
1776792725.511926,2.18,0.23,16.62,0.0,2.18,0.23,16.62
1776792725.512803,0.19,0.54,4.71,0.0,0.19,0.54,4.71
1776792725.5133438,0.0,-0.42,12.83,0.0,0.0,-0.42,12.83
1776792725.5137696,1.04,0.04,6.59,0.0,1.04,0.04,6.59
1776792725.5141528,0.88,-0.34,7.93,0.0,0.88,-0.34,7.93
1776792725.5144694,1.42,-1.23,14.48,0.0,1.42,-1.23,14.48
1776792725.7253406,1.11,-0.42,7.47,0.0,1.11,-0.42,7.47
1776792725.9687304,-0.23,-0.08,11.41,0.0,-0.23,-0.08,11.41
1776792726.2785,0.84,-2.49,2.68,0.0,0.84,-2.49,2.68
1776792726.5213828,1.04,0.08,12.49,0.0,1.04,0.08,12.49
1776792726.7828352,0.23,0.04,8.81,0.0,0.23,0.04,8.81
1776792726.9694042,0.19,-1.88,10.19,0.0,0.19,-1.88,10.19
1776792727.1621366,1.42,-1.04,8.58,0.0,1.42,-1.04,8.58
1776792727.3785715,0.04,-2.37,5.4,0.0,0.04,-2.37,5.4
1776792727.6988864,-0.23,1.99,14.1,0.0,-0.23,1.99,14.1
1776792727.917602,0.0,3.14,15.44,0.0,0.0,3.14,15.44
1776792728.0993643,1.15,0.57,6.78,0.0,1.15,0.57,6.78
1776792728.3382251,3.1,0.23,4.25,0.0,3.1,0.23,4.25
1776792728.5983322,2.53,-1.0,9.96,0.0,2.53,-1.0,9.96
1776792728.685104,1.42,-1.3,5.75,0.0,1.42,-1.3,5.75
1776792728.7496104,2.84,-1.07,6.55,0.0,2.84,-1.07,6.55
1776792728.7498934,1.04,0.54,7.24,0.0,1.04,0.54,7.24
1776792728.750104,0.57,-3.75,9.16,0.0,0.57,-3.75,9.16
1776792728.750318,0.57,-2.72,10.0,0.0,0.57,-2.72,10.0
1776792728.893198,2.34,1.04,9.04,0.0,2.34,1.04,9.04
1776792729.2156694,2.57,-0.42,5.75,0.0,2.57,-0.42,5.75
1776792729.2161565,0.5,-2.26,9.69,0.0,0.5,-2.26,9.69
1776792729.2166333,-0.23,-0.65,14.14,0.0,-0.23,-0.65,14.14
1776792729.4791691,1.27,-0.15,6.44,0.0,1.27,-0.15,6.44
1776792729.6033177,1.11,0.92,6.24,0.0,1.11,0.92,6.24
1776792729.8186486,2.3,0.11,10.96,0.0,2.3,0.11,10.96
1776792730.0286784,0.88,-0.23,11.19,0.0,0.88,-0.23,11.19
1776792730.0346928,1.15,-1.65,6.24,0.0,1.15,-1.65,6.24
1776792730.0350392,1.34,0.69,5.98,0.0,1.34,0.69,5.98
1776792730.0353472,0.34,-0.84,6.28,0.0,0.34,-0.84,6.28
1776792730.0356095,1.23,0.5,15.67,0.0,1.23,0.5,15.67
1776792730.0358331,0.77,-1.65,2.99,0.0,0.77,-1.65,2.99
1776792730.0959704,0.27,1.3,6.97,0.0,0.27,1.3,6.97
1776792730.096411,-0.19,-1.8,8.5,0.0,-0.19,-1.8,8.5
1776792730.1561465,-0.34,0.92,11.91,0.0,-0.34,0.92,11.91
1776792730.3385777,2.07,-1.15,5.36,0.0,2.07,-1.15,5.36
1776792730.468203,1.23,0.42,8.12,0.0,1.23,0.42,8.12
1776792730.7534559,1.68,-1.99,10.38,0.0,1.68,-1.99,10.38
1776792731.0891032,-0.92,-0.27,9.92,0.0,-0.92,-0.27,9.92
1776792731.3941457,-0.3,1.91,7.32,0.0,-0.3,1.91,7.32
1776792731.5795884,0.46,-0.96,9.23,0.0,0.46,-0.96,9.23
1776792731.5800357,1.53,-1.46,8.93,0.0,1.53,-1.46,8.93
1776792731.6492076,0.61,-2.26,14.17,0.0,0.61,-2.26,14.17
1776792731.733841,0.54,1.38,6.24,0.0,0.54,1.38,6.24
1776792731.893228,0.69,-2.87,5.75,0.0,0.69,-2.87,5.75
1776792731.9248521,1.8,-0.69,11.49,0.0,1.8,-0.69,11.49
1776792732.1644046,-0.11,-0.46,9.31,0.0,-0.11,-0.46,9.31
1776792732.460843,1.27,-0.54,7.51,0.0,1.27,-0.54,7.51
1776792732.6587856,1.19,-0.69,10.27,0.0,1.19,-0.69,10.27
1776792732.746814,0.73,1.72,8.85,0.0,0.73,1.72,8.85
1776792732.8456264,1.34,-1.53,12.45,0.0,1.34,-1.53,12.45
1776792733.0005152,3.03,-1.27,6.09,0.0,3.03,-1.27,6.09
1776792733.1504216,2.14,-1.38,6.09,0.0,2.14,-1.38,6.09
1776792733.3189175,-1.19,-0.96,11.11,0.0,-1.19,-0.96,11.11
1776792733.4921002,1.0,-0.57,8.93,0.0,1.0,-0.57,8.93
1776792733.588777,2.84,-1.53,2.11,0.0,2.84,-1.53,2.11
1776792733.716214,3.56,-0.19,7.66,0.0,3.56,-0.19,7.66
1776792733.8304763,0.61,1.04,8.2,0.0,0.61,1.04,8.2
1776792733.919124,1.11,-1.15,7.51,0.0,1.11,-1.15,7.51
1776792734.1305444,2.57,-4.06,3.75,0.0,2.57,-4.06,3.75
1776792734.2636144,0.08,-1.8,6.59,0.0,0.08,-1.8,6.59
1776792734.2853427,-0.23,-3.26,8.35,0.0,-0.23,-3.26,8.35
1776792734.3385217,1.57,0.61,6.02,0.0,1.57,0.61,6.02
1776792734.4037433,4.14,-3.29,2.53,0.0,4.14,-3.29,2.53
1776792734.6092079,-1.3,-0.04,8.23,0.0,-1.3,-0.04,8.23
1776792734.709826,0.57,-0.88,11.53,0.0,0.57,-0.88,11.53
1776792734.8632061,1.27,-1.04,8.7,0.0,1.27,-1.04,8.7
1776792735.0009117,2.87,-3.45,4.6,0.0,2.87,-3.45,4.6
1776792735.1932366,1.15,-0.92,13.25,0.0,1.15,-0.92,13.25
1776792735.3434162,-0.38,-0.11,12.91,0.0,-0.38,-0.11,12.91
1776792735.5812721,2.84,-1.3,12.14,0.0,2.84,-1.3,12.14
1776792735.6466367,1.84,-2.49,2.99,0.0,1.84,-2.49,2.99
1776792735.7159183,-0.04,0.34,16.16,0.0,-0.04,0.34,16.16
1776792735.7889442,-0.96,0.54,8.62,0.0,-0.96,0.54,8.62
1776792735.9633486,2.53,-1.34,15.52,0.0,2.53,-1.34,15.52
1776792736.1082988,0.38,-0.77,4.14,0.0,0.38,-0.77,4.14
1776792736.2834742,3.41,-1.19,14.33,0.0,3.41,-1.19,14.33
1776792736.444608,-3.37,-0.34,6.32,0.0,-3.37,-0.34,6.32
1776792736.4449263,-0.08,0.73,18.43,0.0,-0.08,0.73,18.43
1776792736.4451826,-0.34,0.34,5.02,0.0,-0.34,0.34,5.02
1776792736.445423,-0.5,-2.34,15.29,0.0,-0.5,-2.34,15.29
1776792736.4456308,2.91,-2.53,8.73,0.0,2.91,-2.53,8.73
1776792736.4458327,0.0,1.53,18.27,0.0,0.0,1.53,18.27
1776792736.446026,1.0,0.27,4.52,0.0,1.0,0.27,4.52
1776792736.4462385,-0.11,0.46,15.44,0.0,-0.11,0.46,15.44
1776792736.4719324,4.52,-2.8,7.93,0.0,4.52,-2.8,7.93
1776792736.6292624,0.23,3.14,17.58,0.0,0.23,3.14,17.58
1776792736.8183353,0.34,-3.07,2.3,0.0,0.34,-3.07,2.3
1776792736.9718857,-1.11,-0.38,14.48,0.0,-1.11,-0.38,14.48
1776792737.1302962,1.65,-2.57,8.73,0.0,1.65,-2.57,8.73
1776792737.3733425,-0.34,3.41,15.71,0.0,-0.34,3.41,15.71
1776792737.5483396,1.19,-4.14,3.1,0.0,1.19,-4.14,3.1
1776792737.5486228,0.8,-1.88,13.21,0.0,0.8,-1.88,13.21
1776792737.5488374,1.61,-1.34,11.11,0.0,1.61,-1.34,11.11
1776792737.5490384,-0.54,2.87,8.23,0.0,-0.54,2.87,8.23
1776792737.5492363,1.68,-2.03,8.66,0.0,1.68,-2.03,8.66
1776792737.5494351,0.92,-0.38,8.35,0.0,0.92,-0.38,8.35
1776792737.5496368,0.27,-0.23,9.16,0.0,0.27,-0.23,9.16
1776792737.5498722,0.73,0.8,9.54,0.0,0.73,0.8,9.54
1776792737.5501685,1.07,1.07,11.15,0.0,1.07,1.07,11.15
1776792737.5505683,1.88,-2.8,5.05,0.0,1.88,-2.8,5.05
1776792737.5509841,-0.23,-0.54,9.08,0.0,-0.23,-0.54,9.08
1776792737.5513341,1.3,-1.49,7.01,0.0,1.3,-1.49,7.01
1776792737.5516522,-0.57,4.6,12.14,0.0,-0.57,4.6,12.14
1776792737.5519977,0.77,-0.54,11.99,0.0,0.77,-0.54,11.99
1776792737.552313,1.23,0.92,5.79,0.0,1.23,0.92,5.79
1776792737.5530903,0.69,-0.92,9.69,0.0,0.69,-0.92,9.69
1776792737.553661,0.0,-0.15,9.04,0.0,0.0,-0.15,9.04
1776792737.554017,1.23,-0.69,10.3,0.0,1.23,-0.69,10.3
1776792737.554228,-0.42,-1.23,7.09,0.0,-0.42,-1.23,7.09
1776792737.5545096,-0.23,-1.38,12.57,0.0,-0.23,-1.38,12.57
1776792737.5548234,2.53,-0.84,6.17,0.0,2.53,-0.84,6.17
1776792737.55507,0.08,1.07,12.83,0.0,0.08,1.07,12.83
1776792737.5552933,0.77,1.15,6.36,0.0,0.77,1.15,6.36
1776792737.555525,-0.69,-2.68,9.16,0.0,-0.69,-2.68,9.16
1776792737.5557332,2.87,1.57,7.28,0.0,2.87,1.57,7.28
1776792737.5559516,-1.65,-3.29,14.71,0.0,-1.65,-3.29,14.71
1776792737.5561492,-0.04,1.76,6.24,0.0,-0.04,1.76,6.24
1776792737.5563457,0.65,-0.27,9.08,0.0,0.65,-0.27,9.08
1776792737.5565326,2.45,2.61,7.32,0.0,2.45,2.61,7.32
1776792737.5567398,-0.54,1.38,20.53,0.0,-0.54,1.38,20.53
1776792737.556929,1.15,2.34,4.1,0.0,1.15,2.34,4.1
1776792737.557143,-0.23,-3.41,11.03,0.0,-0.23,-3.41,11.03
1776792737.5573413,0.46,-0.38,7.39,0.0,0.46,-0.38,7.39
1776792737.5575385,1.38,1.15,16.39,0.0,1.38,1.15,16.39
1776792737.5577247,1.38,1.0,8.35,0.0,1.38,1.0,8.35
1776792737.5579536,-1.68,-1.76,8.7,0.0,-1.68,-1.76,8.7
1776792737.5581615,0.19,2.3,10.96,0.0,0.19,2.3,10.96
1776792737.5583606,0.11,-3.91,8.16,0.0,0.11,-3.91,8.16
1776792737.558568,1.3,1.57,11.15,0.0,1.3,1.57,11.15
1776792737.558778,-0.8,1.8,9.96,0.0,-0.8,1.8,9.96
1776792737.558975,-0.38,0.61,9.16,0.0,-0.38,0.61,9.16
1776792737.5591726,0.65,-1.46,6.44,0.0,0.65,-1.46,6.44
1776792737.5593686,1.68,4.1,17.43,0.0,1.68,4.1,17.43
1776792737.5595737,-1.04,-2.53,7.16,0.0,-1.04,-2.53,7.16
1776792737.559762,1.19,0.54,7.93,0.0,1.19,0.54,7.93
1776792737.5599706,-0.5,2.18,11.22,0.0,-0.5,2.18,11.22
1776792737.5601678,2.99,2.26,16.89,0.0,2.99,2.26,16.89
1776792737.5603795,-0.77,-0.61,6.21,0.0,-0.77,-0.61,6.21
1776792737.560576,0.23,-0.8,8.39,0.0,0.23,-0.8,8.39
1776792737.560772,0.5,-1.84,4.21,0.0,0.5,-1.84,4.21
1776792737.5609791,3.03,-1.88,14.02,0.0,3.03,-1.88,14.02
1776792737.5611851,-0.8,-2.03,9.12,0.0,-0.8,-2.03,9.12
1776792737.56139,-0.19,0.54,10.04,0.0,-0.19,0.54,10.04
1776792737.561587,1.3,-1.0,5.02,0.0,1.3,-1.0,5.02
1776792737.5622163,1.84,-1.07,6.05,0.0,1.84,-1.07,6.05
1776792737.5624738,-1.95,0.5,16.97,0.0,-1.95,0.5,16.97
1776792737.5626872,-0.15,1.15,7.55,0.0,-0.15,1.15,7.55
1776792737.5628877,1.07,-1.53,5.29,0.0,1.07,-1.53,5.29
1776792737.5630774,2.64,1.49,8.23,0.0,2.64,1.49,8.23
1776792737.5633624,-0.15,-0.88,14.82,0.0,-0.15,-0.88,14.82
1776792737.5635748,-2.03,1.34,5.94,0.0,-2.03,1.34,5.94
1776792737.5637834,0.11,-0.88,11.34,0.0,0.11,-0.88,11.34
1776792737.5639834,1.38,2.14,15.44,0.0,1.38,2.14,15.44
1776792737.5642385,1.76,-4.67,3.64,0.0,1.76,-4.67,3.64
1776792737.564448,-3.03,3.95,11.72,0.0,-3.03,3.95,11.72
1776792737.5646374,3.64,0.46,8.73,0.0,3.64,0.46,8.73
1776792737.5651577,1.68,1.27,12.91,0.0,1.68,1.27,12.91
1776792737.5653567,1.23,3.1,10.04,0.0,1.23,3.1,10.04
1776792737.5655556,3.14,-2.18,3.98,0.0,3.14,-2.18,3.98
1776792737.5657623,2.95,-2.3,11.64,0.0,2.95,-2.3,11.64
1776792737.5659683,1.68,-0.84,11.57,0.0,1.68,-0.84,11.57
1776792737.5661657,2.64,-2.76,5.94,0.0,2.64,-2.76,5.94
1776792737.567706,1.38,0.69,9.5,0.0,1.38,0.69,9.5
1776792737.5839858,-1.0,0.96,10.46,0.0,-1.0,0.96,10.46
1776792737.5977693,1.95,-2.68,7.97,0.0,1.95,-2.68,7.97
1776792737.6107504,-0.46,1.8,13.06,0.0,-0.46,1.8,13.06
1776792737.623745,-0.42,-0.96,5.05,0.0,-0.42,-0.96,5.05
1776792737.6377375,0.65,2.14,14.29,0.0,0.65,2.14,14.29
1776792737.6527152,3.75,0.57,8.31,0.0,3.75,0.57,8.31
1776792737.6657424,-1.04,0.73,19.27,0.0,-1.04,0.73,19.27
1776792737.6787221,-0.11,1.15,2.95,0.0,-0.11,1.15,2.95
1776792737.6937346,0.0,-1.0,13.1,0.0,0.0,-1.0,13.1
1776792737.7077346,1.99,1.27,12.98,0.0,1.99,1.27,12.98
1776792737.7207482,-1.68,-3.33,17.24,0.0,-1.68,-3.33,17.24
1776792737.7337317,0.84,1.15,5.9,0.0,0.84,1.15,5.9
1776792737.7487414,0.54,-1.99,10.73,0.0,0.54,-1.99,10.73
1776792737.762766,-0.34,-1.72,15.29,0.0,-0.34,-1.72,15.29
1776792737.7757518,-0.46,-0.69,8.73,0.0,-0.46,-0.69,8.73
1776792737.7887278,2.72,0.42,4.6,0.0,2.72,0.42,4.6
1776792737.803733,1.46,-3.6,9.39,0.0,1.46,-3.6,9.39
1776792737.817768,-2.45,-1.76,11.95,0.0,-2.45,-1.76,11.95
1776792737.831735,0.8,-0.27,6.47,0.0,0.8,-0.27,6.47
1776792737.844573,3.1,1.11,7.01,0.0,3.1,1.11,7.01
1776792737.8587253,3.91,2.61,16.47,0.0,3.91,2.61,16.47
1776792737.8727436,-0.77,-1.72,6.09,0.0,-0.77,-1.72,6.09
1776792737.8867438,2.3,-1.46,5.48,0.0,2.3,-1.46,5.48
1776792737.8995798,-0.88,-0.54,9.27,0.0,-0.88,-0.54,9.27
1776792737.9137628,-0.61,1.61,18.85,0.0,-0.61,1.61,18.85
1776792737.9277277,-0.15,1.38,5.36,0.0,-0.15,1.38,5.36
1776792737.9417536,1.88,-0.61,7.2,0.0,1.88,-0.61,7.2
1776792737.954591,-0.73,0.61,7.7,0.0,-0.73,0.61,7.7
1776792737.9687996,2.37,0.42,13.56,0.0,2.37,0.42,13.56
1776792737.9827678,-0.61,-0.23,4.1,0.0,-0.61,-0.23,4.1
1776792738.157873,1.57,-1.8,12.91,0.0,1.57,-1.8,12.91
1776792738.335523,-0.88,1.53,12.79,0.0,-0.88,1.53,12.79
1776792738.4633625,-1.8,-0.88,11.07,0.0,-1.8,-0.88,11.07
1776792738.7286882,0.23,-0.11,6.36,0.0,0.23,-0.11,6.36
1776792738.9087138,1.0,0.57,14.29,0.0,1.0,0.57,14.29
1776792739.0038674,0.73,3.03,11.03,0.0,0.73,3.03,11.03
1776792739.2240508,1.19,-2.84,8.08,0.0,1.19,-2.84,8.08
1776792739.4184828,0.5,-0.15,8.01,0.0,0.5,-0.15,8.01
1776792739.583468,1.95,1.34,12.34,0.0,1.95,1.34,12.34
1776792739.828662,-0.65,-1.27,7.01,0.0,-0.65,-1.27,7.01
1776792739.9642692,1.42,-1.91,9.42,0.0,1.42,-1.91,9.42
1776792739.9646544,1.84,-1.61,9.16,0.0,1.84,-1.61,9.16
1776792740.1138144,-0.73,0.38,11.41,0.0,-0.73,0.38,11.41
1776792740.3091776,0.5,0.65,6.36,0.0,0.5,0.65,6.36
1776792740.4635978,-0.42,-0.65,9.46,0.0,-0.42,-0.65,9.46
1776792740.463909,0.57,-0.23,13.33,0.0,0.57,-0.23,13.33
1776792740.5031743,-0.61,0.04,8.08,0.0,-0.61,0.04,8.08
1776792740.504023,1.0,1.3,5.94,0.0,1.0,1.3,5.94
1776792740.5046268,-1.53,-1.38,11.41,0.0,-1.53,-1.38,11.41
1776792740.5048761,2.53,3.1,16.13,0.0,2.53,3.1,16.13
1776792740.5050862,1.27,-1.99,3.18,0.0,1.27,-1.99,3.18
1776792740.5052853,0.69,2.26,8.23,0.0,0.69,2.26,8.23
1776792740.50551,-1.49,0.19,11.38,0.0,-1.49,0.19,11.38
1776792740.5057273,2.68,0.54,15.94,0.0,2.68,0.54,15.94
1776792740.505954,0.61,-2.37,0.88,0.0,0.61,-2.37,0.88
1776792740.5061612,1.99,1.95,9.04,0.0,1.99,1.95,9.04
1776792740.506375,0.0,1.68,11.45,0.0,0.0,1.68,11.45
1776792740.5789447,1.76,2.68,13.95,0.0,1.76,2.68,13.95
1776792740.7791066,0.61,-2.03,7.89,0.0,0.61,-2.03,7.89
1776792740.9750593,0.0,1.07,3.95,0.0,0.0,1.07,3.95
1776792741.2236452,0.04,-3.33,14.44,0.0,0.04,-3.33,14.44
1776792741.365382,-0.11,1.95,9.27,0.0,-0.11,1.95,9.27
1776792741.4656982,-0.3,-0.34,11.41,0.0,-0.3,-0.34,11.41
1776792741.6432936,0.54,2.26,4.64,0.0,0.54,2.26,4.64
1776792741.8985424,3.33,-4.52,10.54,0.0,3.33,-4.52,10.54
1776792742.1539054,-1.76,3.37,10.8,0.0,-1.76,3.37,10.8
1776792742.30365,0.04,-1.76,12.72,0.0,0.04,-1.76,12.72
1776792742.4846828,-1.65,1.53,6.13,0.0,-1.65,1.53,6.13
1776792742.6191034,2.26,-0.23,10.38,0.0,2.26,-0.23,10.38
1776792742.7982848,-0.69,4.56,15.32,0.0,-0.69,4.56,15.32
1776792743.073383,0.57,-0.15,9.39,0.0,0.57,-0.15,9.39
1776792743.3138087,1.0,-0.11,8.62,0.0,1.0,-0.11,8.62
1776792743.5334253,2.57,-5.36,10.5,0.0,2.57,-5.36,10.5
1776792743.773962,1.34,1.76,10.84,0.0,1.34,1.76,10.84
1776792743.9709496,1.57,0.54,9.58,0.0,1.57,0.54,9.58
1776792744.161818,-1.04,2.3,12.95,0.0,-1.04,2.3,12.95
1776792744.370929,1.27,-5.52,9.69,0.0,1.27,-5.52,9.69
1776792744.5986278,-1.07,3.37,18.66,0.0,-1.07,3.37,18.66
1776792744.8250747,2.22,-1.49,7.24,0.0,2.22,-1.49,7.24
1776792744.8254418,-4.21,2.49,12.98,0.0,-4.21,2.49,12.98
1776792744.9283736,-0.8,-3.68,9.08,0.0,-0.8,-3.68,9.08
1776792745.1008198,1.11,2.57,14.86,0.0,1.11,2.57,14.86
1776792745.2184396,2.37,1.61,10.96,0.0,2.37,1.61,10.96
1776792745.3953836,-4.48,2.11,10.84,0.0,-4.48,2.11,10.84
1776792745.5153859,-2.41,-5.67,8.31,0.0,-2.41,-5.67,8.31
1776792745.5734053,0.19,1.27,15.17,0.0,0.19,1.27,15.17
1776792745.7838397,-0.04,2.53,10.8,0.0,-0.04,2.53,10.8
1776792745.872493,1.61,1.07,14.06,0.0,1.61,1.07,14.06
1776792745.9229455,1.07,-0.96,5.52,0.0,1.07,-0.96,5.52
1776792745.9962194,0.88,-0.27,12.14,0.0,0.88,-0.27,12.14
1776792746.109158,0.3,2.84,10.07,0.0,0.3,2.84,10.07
1776792746.2138767,1.53,0.8,10.34,0.0,1.53,0.8,10.34
1776792746.3833625,0.23,-1.15,6.24,0.0,0.23,-1.15,6.24
1776792746.5075266,-0.73,-2.03,12.57,0.0,-0.73,-2.03,12.57
1776792746.5132833,0.88,-0.8,7.12,0.0,0.88,-0.8,7.12
1776792746.5135517,0.34,2.41,12.38,0.0,0.34,2.41,12.38
1776792746.5137703,1.07,-3.22,12.83,0.0,1.07,-3.22,12.83
1776792746.5139744,-1.04,2.45,8.66,0.0,-1.04,2.45,8.66
1776792746.514168,1.34,0.42,7.36,0.0,1.34,0.42,7.36
1776792746.5143592,0.77,0.54,6.7,0.0,0.77,0.54,6.7
1776792746.5239124,1.19,-1.34,19.46,0.0,1.19,-1.34,19.46
1776792746.524406,2.26,-1.15,5.05,0.0,2.26,-1.15,5.05
1776792746.5247605,-0.46,-0.77,13.06,0.0,-0.46,-0.77,13.06
1776792746.5838108,0.46,0.96,7.62,0.0,0.46,0.96,7.62
1776792746.7904117,1.11,-1.04,17.01,0.0,1.11,-1.04,17.01
1776792746.8783538,1.46,1.57,2.68,0.0,1.46,1.57,2.68
1776792746.9649568,0.73,-1.49,9.0,0.0,0.73,-1.49,9.0
1776792747.1389632,-0.34,-0.77,6.86,0.0,-0.34,-0.77,6.86
1776792747.283508,2.26,-1.07,9.73,0.0,2.26,-1.07,9.73
1776792747.4486892,0.19,-2.07,2.26,0.0,0.19,-2.07,2.26
1776792747.623651,2.11,-0.38,15.94,0.0,2.11,-0.38,15.94
1776792747.7636442,1.84,-2.76,6.13,0.0,1.84,-2.76,6.13
1776792747.7940297,-0.73,2.11,11.8,0.0,-0.73,2.11,11.8
1776792747.8168395,1.19,-0.46,10.46,0.0,1.19,-0.46,10.46
1776792747.817179,0.69,0.38,13.06,0.0,0.69,0.38,13.06
1776792747.8177588,3.1,-2.72,6.74,0.0,3.1,-2.72,6.74
1776792747.8183265,0.92,1.23,10.38,0.0,0.92,1.23,10.38
1776792747.8243344,1.72,1.95,7.51,0.0,1.72,1.95,7.51
1776792747.8259835,1.3,-1.11,8.58,0.0,1.3,-1.11,8.58
1776792747.826238,2.64,-2.03,11.57,0.0,2.64,-2.03,11.57
1776792747.8265533,2.18,-2.57,3.48,0.0,2.18,-2.57,3.48
1776792747.8920832,1.88,1.19,8.96,0.0,1.88,1.19,8.96
1776792748.056834,-1.91,-2.07,14.67,0.0,-1.91,-2.07,14.67
1776792748.1857798,-2.18,3.26,16.09,0.0,-2.18,3.26,16.09
1776792748.28906,2.03,0.34,5.09,0.0,2.03,0.34,5.09
1776792748.4695082,-4.14,3.14,12.3,0.0,-4.14,3.14,12.3
1776792748.724156,-1.88,-2.84,18.16,0.0,-1.88,-2.84,18.16
1776792748.896166,-2.64,-2.37,8.7,0.0,-2.64,-2.37,8.7
1776792749.026846,2.95,0.46,3.64,0.0,2.95,0.46,3.64
1776792749.0408866,-4.21,4.67,9.96,0.0,-4.21,4.67,9.96
1776792749.0687206,-1.34,-0.57,8.66,0.0,-1.34,-0.57,8.66
1776792749.100775,-1.27,-3.37,6.05,0.0,-1.27,-3.37,6.05
1776792749.158699,-1.8,2.53,12.26,0.0,-1.8,2.53,12.26
1776792749.2537866,2.11,3.56,11.84,0.0,2.11,3.56,11.84
1776792749.5594423,-1.11,-1.8,9.2,0.0,-1.11,-1.8,9.2
1776792749.7790546,0.77,0.69,3.18,0.0,0.77,0.69,3.18
1776792749.9385977,2.45,0.8,6.51,0.0,2.45,0.8,6.51
1776792750.0247455,-1.84,-1.3,14.67,0.0,-1.84,-1.3,14.67
1776792750.1806042,-0.11,-1.34,6.66,0.0,-0.11,-1.34,6.66
1776792750.3019671,0.0,0.23,5.52,0.0,0.0,0.23,5.52
1776792750.3023248,3.41,0.69,7.97,0.0,3.41,0.69,7.97
1776792750.4808831,0.19,-0.23,16.47,0.0,0.19,-0.23,16.47
1776792750.5460162,1.38,-1.72,5.56,0.0,0.88,-0.54,7.66
1776792750.834621,1.0,-0.11,12.98,0.0,1.0,-0.11,12.98
1776792750.8714778,0.92,-0.69,11.68,0.0,0.92,-0.69,11.68
1776792750.8728583,0.3,-0.15,7.43,0.0,0.3,-0.15,7.43
1776792750.8730955,0.34,-0.57,11.03,0.0,0.34,-0.57,11.03
1776792750.8733003,0.88,0.04,10.73,0.0,0.88,0.04,10.73
1776792750.873493,0.54,0.08,7.82,0.0,0.54,0.08,7.82
1776792750.8736932,0.92,-1.19,7.59,0.0,0.92,-1.19,7.59
1776792750.8739007,0.42,-0.5,12.87,0.0,0.42,-0.5,12.87
1776792750.8741012,0.5,0.38,10.34,0.0,0.5,0.38,10.34
1776792750.8743002,-0.23,0.54,6.55,0.0,-0.23,0.54,6.55
1776792750.9587398,0.65,-0.08,7.93,0.0,0.65,-0.08,7.93
1776792751.1136277,0.5,-2.03,15.32,0.0,0.5,-2.03,15.32
1776792751.287026,-0.08,1.19,6.78,0.0,-0.08,1.19,6.78
1776792751.5362868,0.19,0.23,6.24,0.0,0.19,0.23,6.24
1776792751.5417464,1.68,-1.23,10.73,0.0,1.68,-1.23,10.73
1776792751.5419815,1.61,0.0,10.07,0.0,1.61,0.0,10.07
1776792751.5421903,0.38,-0.5,9.61,0.0,0.38,-0.5,9.61
1776792751.5424066,0.5,-0.73,8.35,0.0,0.5,-0.73,8.35
1776792751.5672033,0.46,-1.68,10.8,0.0,0.46,-1.68,10.8
1776792751.6633823,-0.11,0.5,9.54,0.0,-0.11,0.5,9.54
1776792751.8587358,0.54,0.61,7.89,0.0,0.54,0.61,7.89
1776792752.1407332,1.49,-1.46,11.41,0.0,1.49,-1.46,11.41
1776792752.3404608,0.34,-1.53,13.45,0.0,0.34,-1.53,13.45
1776792752.5195303,0.15,-0.19,8.46,0.0,0.15,-0.19,8.46
1776792752.5514808,0.88,-0.38,6.7,0.0,0.88,-0.38,6.7
1776792752.5517807,0.73,-1.04,12.72,0.0,0.73,-1.04,12.72
1776792752.5520039,1.53,-0.3,12.95,0.0,1.53,-0.3,12.95
1776792752.552211,0.92,1.15,7.55,0.0,0.92,1.15,7.55
1776792752.6394546,0.3,-0.77,8.01,0.0,0.3,-0.77,8.01
1776792752.8739681,0.96,-0.38,12.64,0.0,0.96,-0.38,12.64
1776792753.0419798,-0.61,-0.08,12.76,0.0,-0.61,-0.08,12.76
1776792753.1390831,-0.46,-0.08,6.28,0.0,-0.46,-0.08,6.28
1776792753.419592,-1.8,-0.88,10.04,0.0,-1.8,-0.88,10.04
1776792753.5415964,-1.49,0.08,14.44,0.0,-1.49,0.08,14.44
1776792753.8889287,-1.49,-0.34,9.92,0.0,-1.49,-0.34,9.92
1776792754.0615218,0.27,0.11,6.4,0.0,0.27,0.11,6.4
1776792754.336872,0.34,-0.84,9.12,0.0,0.34,-0.84,9.12
1776792754.3372576,-1.11,-0.88,11.68,0.0,-1.11,-0.88,11.68
1776792754.4516282,-1.15,-1.42,9.58,0.0,-1.15,-1.42,9.58
1776792754.5413473,-0.77,-0.54,9.46,0.0,-0.77,-0.54,9.46
1776792754.812541,0.5,-0.08,9.42,0.0,0.5,-0.08,9.42
1776792755.098456,0.04,-0.19,8.77,0.0,0.04,-0.19,8.77
1776792755.3438833,-0.38,-0.88,11.3,0.0,-0.38,-0.88,11.3
1776792755.5752182,-0.46,0.11,10.61,0.0,-0.46,0.11,10.61
1776792755.7441092,-0.15,0.23,9.2,0.0,-0.15,0.23,9.2
1776792756.0134182,0.23,-0.34,9.61,0.0,0.23,-0.34,9.61
1776792756.1478589,0.08,-1.04,9.31,0.0,0.08,-1.04,9.31
1776792756.3839185,-0.11,-0.38,9.12,0.0,-0.11,-0.38,9.12
1776792756.5411904,0.04,0.15,10.38,0.0,0.04,0.15,10.38
1776792756.5415766,0.08,-0.42,10.15,0.0,0.08,-0.42,10.15
1776792756.6004832,-0.19,-1.04,10.11,0.0,-0.19,-1.04,10.11
1776792756.734296,0.04,-0.42,9.12,0.0,0.04,-0.42,9.12
1776792756.915736,0.42,-0.15,10.07,0.0,0.42,-0.15,10.07
1776792757.0486445,0.54,0.08,9.04,0.0,0.54,0.08,9.04
1776792757.1399572,0.77,-0.54,9.42,0.0,0.77,-0.54,9.42
1776792757.140315,1.04,-0.08,9.54,0.0,1.04,-0.08,9.54
1776792757.1405265,0.69,0.15,10.11,0.0,0.69,0.15,10.11
1776792757.1676433,0.27,-0.3,9.73,0.0,0.27,-0.3,9.73
1776792757.2578104,0.19,-0.5,9.77,0.0,0.19,-0.5,9.77
1776792757.2890038,0.23,-0.23,9.61,0.0,0.23,-0.23,9.61
1776792757.50574,0.27,0.42,8.66,0.0,0.27,0.42,8.66
1776792757.6614604,0.04,0.8,10.65,0.0,0.04,0.8,10.65
1776792757.9184456,-0.38,0.38,9.61,0.0,-0.38,0.38,9.61
1776792758.0686789,-0.27,0.38,9.39,0.0,-0.27,0.38,9.39
1776792758.2484329,-0.38,0.8,9.77,0.0,-0.38,0.8,9.77
1776792758.4434493,-1.15,0.88,10.15,0.0,-1.15,0.88,10.15
1776792758.7238817,-0.46,-0.73,9.77,0.0,-0.46,-0.73,9.77
1776792758.9290154,0.88,-1.19,9.54,0.0,0.88,-1.19,9.54
1776792759.1438205,2.34,0.88,10.15,0.0,2.34,0.88,10.15
1776792759.4202552,2.53,2.14,8.73,0.0,2.53,2.14,8.73
1776792759.5792341,1.61,1.15,8.54,0.0,1.61,1.15,8.54
1776792759.7890785,0.84,0.65,9.84,0.0,0.84,0.65,9.84
1776792759.8542268,0.54,-0.15,9.61,0.0,0.54,-0.15,9.61
1776792759.9165351,-0.11,0.04,9.35,0.0,-0.11,0.04,9.35
1776792759.9170122,-0.42,0.04,10.8,0.0,-0.42,0.04,10.8
1776792759.9172924,0.11,0.96,10.11,0.0,0.11,0.96,10.11
1776792759.9175086,0.61,1.15,9.42,0.0,0.61,1.15,9.42
1776792759.9177053,0.77,0.77,8.39,0.0,0.77,0.77,8.39
1776792759.973915,1.46,0.0,10.07,0.0,1.46,0.0,10.07
1776792760.0794766,0.69,-0.08,9.16,0.0,0.69,-0.08,9.16
1776792760.0798638,0.0,0.57,10.77,0.0,0.0,0.57,10.77
1776792760.2787888,-0.23,0.15,10.3,0.0,-0.23,0.15,10.3
1776792760.572709,-0.19,0.0,9.65,0.0,-0.19,0.0,9.65
1776792760.6836293,-0.27,-0.61,9.12,0.0,-0.27,-0.61,9.12
1776792760.8892686,1.04,-0.11,8.81,0.0,1.04,-0.11,8.81
1776792761.1059768,1.15,0.19,9.35,0.0,1.15,0.19,9.35
1776792761.3289895,0.96,1.53,10.0,0.0,0.96,1.53,10.0
1776792761.5505047,-0.11,-0.19,9.81,0.0,-0.11,-0.19,9.81
1776792761.713506,-0.3,-0.11,8.12,0.0,-0.3,-0.11,8.12
1776792761.8461368,-0.54,-0.65,9.16,0.0,-0.54,-0.65,9.16
1776792762.0256624,0.19,0.19,12.11,0.0,0.19,0.19,12.11
1776792762.1958473,0.38,1.0,7.74,0.0,0.38,1.0,7.74
1776792762.39053,0.5,0.27,8.27,0.0,0.5,0.27,8.27
1776792762.568704,0.54,0.34,10.19,0.0,0.54,0.34,10.19
1776792762.6247535,-0.57,-0.65,11.07,0.0,-0.57,-0.65,11.07
1776792762.6257315,-0.11,-0.65,10.0,0.0,-0.11,-0.65,10.0
1776792762.631017,0.8,1.49,8.58,0.0,0.8,1.49,8.58
1776792762.631315,0.61,-0.57,8.93,0.0,0.61,-0.57,8.93
1776792762.6315296,0.34,-0.38,9.54,0.0,0.34,-0.38,9.54
1776792762.6317422,-0.11,0.46,11.68,0.0,-0.11,0.46,11.68
1776792762.6319518,-0.34,-0.08,9.16,0.0,-0.34,-0.08,9.16
1776792762.632144,0.84,0.65,9.35,0.0,0.84,0.65,9.35
1776792762.632334,0.46,1.49,8.23,0.0,0.46,1.49,8.23
1776792762.6325326,0.08,-1.04,9.23,0.0,0.08,-1.04,9.23
1776792762.6327507,-0.34,-0.42,12.53,0.0,-0.34,-0.42,12.53
1776792762.6329505,-0.08,0.15,7.78,0.0,-0.08,0.15,7.78
1776792762.6331582,-0.38,-0.11,7.24,0.0,-0.38,-0.11,7.24
1776792762.633367,0.19,-1.0,10.65,0.0,0.19,-1.0,10.65
1776792762.6335754,1.49,-3.71,12.07,0.0,1.49,-3.71,12.07
1776792762.6337774,2.41,-2.76,5.98,0.0,2.41,-2.76,5.98
1776792762.6339757,2.8,-3.03,7.39,0.0,2.8,-3.03,7.39
1776792762.6341736,2.76,0.3,11.0,0.0,2.76,0.3,11.0
1776792762.6343708,1.11,-0.92,8.81,0.0,1.11,-0.92,8.81
1776792762.6881351,1.15,-0.42,9.58,0.0,1.15,-0.42,9.58
1776792762.6908488,1.11,-0.23,10.8,0.0,1.11,-0.23,10.8
1776792762.6911206,1.49,0.46,9.88,0.0,1.49,0.46,9.88
1776792762.7171457,1.61,-0.23,9.39,0.0,1.61,-0.23,9.39
1776792762.7838833,1.61,-1.07,9.46,0.0,1.61,-1.07,9.46
1776792762.784167,1.46,-1.11,8.62,0.0,1.46,-1.11,8.62
1776792762.7843764,1.61,-1.0,8.85,0.0,1.61,-1.0,8.85
1776792762.8412707,1.68,0.3,10.54,0.0,1.68,0.3,10.54
1776792762.8420131,1.34,0.04,10.3,0.0,1.34,0.04,10.3
1776792762.8427896,1.23,0.04,9.61,0.0,1.23,0.04,9.61
1776792763.0461793,1.0,-0.38,9.73,0.0,1.0,-0.38,9.73
1776792763.101845,1.27,-0.46,8.7,0.0,1.27,-0.46,8.7
1776792763.3110068,1.04,0.08,9.08,0.0,1.04,0.08,9.08
1776792763.5486562,1.0,0.0,10.27,0.0,1.0,0.0,10.27
1776792763.563394,0.88,0.27,11.49,0.0,0.88,0.27,11.49
1776792763.5636294,1.19,-0.8,8.46,0.0,1.19,-0.8,8.46
1776792763.5638325,1.07,-0.54,8.43,0.0,1.07,-0.54,8.43
1776792763.5907276,1.07,-0.61,6.4,0.0,1.07,-0.61,6.4
1776792763.5917974,-0.19,-1.04,14.79,0.0,-0.19,-1.04,14.79
1776792763.618936,0.08,-1.04,8.23,0.0,0.08,-1.04,8.23
1776792763.6198635,0.69,-0.92,6.17,0.0,0.69,-0.92,6.17
1776792763.620216,0.38,-0.42,9.08,0.0,0.38,-0.42,9.08
1776792763.6205885,0.0,-0.84,15.25,0.0,0.0,-0.84,15.25
1776792763.620914,1.27,-0.42,4.75,0.0,1.27,-0.42,4.75
1776792763.6212134,0.5,-0.23,8.85,0.0,0.5,-0.23,8.85
1776792763.6214252,0.23,-0.57,12.79,0.0,0.23,-0.57,12.79
1776792763.621635,0.65,-0.77,11.22,0.0,0.65,-0.77,11.22
1776792763.7142096,0.73,0.15,5.71,0.0,0.73,0.15,5.71
1776792763.7942219,-0.04,-0.46,11.53,0.0,-0.04,-0.46,11.53
1776792764.0558186,1.19,-1.27,14.21,0.0,1.19,-1.27,14.21
1776792764.2358408,1.0,0.96,5.36,0.0,1.0,0.96,5.36
1776792764.2381957,1.68,-0.61,9.5,0.0,1.68,-0.61,9.5
1776792764.238926,1.65,0.3,11.34,0.0,1.65,0.3,11.34
1776792764.2392786,2.34,2.53,11.34,0.0,2.34,2.53,11.34
1776792764.2396932,0.5,-1.11,7.7,0.0,0.5,-1.11,7.7
1776792764.2400444,1.57,-1.15,7.24,0.0,1.57,-1.15,7.24
1776792764.2402976,1.91,-0.23,9.54,0.0,1.91,-0.23,9.54
1776792764.2410893,0.69,0.92,12.53,0.0,0.69,0.92,12.53
1776792764.2415853,0.8,-0.08,6.36,0.0,0.8,-0.08,6.36
1776792764.2418058,1.68,-0.42,10.88,0.0,1.68,-0.42,10.88
1776792764.2420092,1.34,0.15,12.38,0.0,1.34,0.15,12.38
1776792764.2422066,0.77,0.77,8.66,0.0,0.77,0.77,8.66
1776792764.2424383,1.23,-1.04,10.46,0.0,1.23,-1.04,10.46
1776792764.2426727,1.27,-0.38,8.31,0.0,1.27,-0.38,8.31
1776792764.24288,0.8,0.77,9.84,0.0,0.8,0.77,9.84
1776792764.2431064,0.8,-1.23,10.04,0.0,0.8,-1.23,10.04
1776792764.2433093,0.8,0.38,10.8,0.0,0.8,0.38,10.8
1776792764.2435062,1.0,-0.08,7.09,0.0,1.0,-0.08,7.09
1776792764.2437043,1.07,0.73,10.65,0.0,1.07,0.73,10.65
1776792764.2439027,0.57,0.04,11.38,0.0,0.57,0.04,11.38
1776792764.2441096,0.73,-0.77,10.3,0.0,0.73,-0.77,10.3
1776792764.2442977,1.11,0.38,8.27,0.0,1.11,0.38,8.27
1776792764.2444947,1.19,-0.04,8.77,0.0,1.19,-0.04,8.77
1776792764.2447002,0.3,-0.77,10.04,0.0,0.3,-0.77,10.04
1776792764.2449179,-0.23,-0.08,12.64,0.0,-0.23,-0.08,12.64
1776792764.2451057,0.69,0.15,8.04,0.0,0.69,0.15,8.04
1776792764.2452924,1.42,0.27,6.55,0.0,1.42,0.27,6.55
1776792764.24549,1.53,-0.08,8.54,0.0,1.53,-0.08,8.54
1776792764.2457054,-0.11,-1.34,13.33,0.0,-0.11,-1.34,13.33
1776792764.2459774,-0.04,0.5,9.39,0.0,-0.04,0.5,9.39
1776792764.246219,-1.15,-0.3,4.37,0.0,-1.15,-0.3,4.37
1776792764.246439,-4.14,0.11,8.54,0.0,-4.14,0.11,8.54
1776792764.2466683,-5.98,-1.19,13.98,0.0,-5.98,-1.19,13.98
1776792764.2468705,-4.14,0.11,8.2,0.0,-4.14,0.11,8.2
1776792764.2470896,-4.33,-0.77,10.65,0.0,-4.33,-0.77,10.65
1776792764.247308,-2.37,-1.68,10.15,0.0,-2.37,-1.68,10.15
1776792764.2475183,-1.61,-1.11,9.08,0.0,-1.61,-1.11,9.08
1776792764.2477083,0.08,0.65,9.69,0.0,0.08,0.65,9.69
1776792764.2479079,0.5,-1.19,9.81,0.0,0.5,-1.19,9.81
1776792764.2481096,0.73,-0.27,9.23,0.0,0.73,-0.27,9.23
1776792764.2483122,0.88,-0.19,9.42,0.0,0.88,-0.19,9.42
1776792764.2485034,1.07,0.42,9.73,0.0,1.07,0.42,9.73
1776792764.5128992,1.15,0.38,9.73,0.0,1.15,0.38,9.73
1776792764.8887892,1.19,-0.27,9.35,0.0,1.19,-0.27,9.35
1776792765.2349818,0.92,-0.69,9.58,0.0,0.92,-0.69,9.58
1776792765.5701773,0.38,0.04,9.69,0.0,0.38,0.04,9.69
1776792765.9358873,0.27,-0.38,9.77,0.0,0.27,-0.38,9.77
1776792766.3064785,0.27,-0.3,9.73,0.0,0.27,-0.3,9.73
1776792766.6752613,0.23,-0.08,9.84,0.0,0.23,-0.08,9.84
1776792767.0205307,0.57,-0.38,9.65,0.0,0.57,-0.38,9.65
1776792767.32992,0.69,-0.19,9.58,0.0,0.69,-0.19,9.58
1776792767.6298928,0.73,-0.19,9.69,0.0,0.73,-0.19,9.69
1776792767.9701872,0.54,-0.38,9.58,0.0,0.54,-0.38,9.58
1776792768.2954302,0.34,-0.11,9.77,0.0,0.34,-0.11,9.77
1776792768.6713235,0.42,-0.46,9.73,0.0,0.42,-0.46,9.73
1776792769.0216587,0.46,-0.19,9.61,0.0,0.46,-0.19,9.61
1776792769.3722224,0.54,-0.23,9.65,0.0,0.54,-0.23,9.65
1776792769.7429755,0.54,-0.19,9.58,0.0,0.54,-0.19,9.58
1776792770.0628037,0.38,-0.23,9.69,0.0,0.38,-0.23,9.69
1776792770.4080355,0.5,-0.34,9.65,0.0,0.5,-0.34,9.65
1776792770.7686296,0.57,-0.23,9.69,0.0,0.57,-0.23,9.69
1776792771.1138058,0.57,-0.27,9.61,0.0,0.57,-0.27,9.61
1776792771.4187431,0.54,-0.3,9.61,0.0,0.54,-0.3,9.61
1776792771.7809227,0.38,-0.19,9.77,0.0,0.38,-0.19,9.77
1776792772.0905952,0.42,-0.15,9.65,0.0,0.42,-0.15,9.65
1776792772.4307194,0.54,-0.23,9.73,0.0,0.54,-0.23,9.73
1776792772.7460542,0.5,-0.23,9.65,0.0,0.5,-0.23,9.65
1776792773.0861092,0.5,-0.3,9.61,0.0,0.5,-0.3,9.61
1776792773.4062374,0.5,-0.3,9.65,0.0,0.5,-0.3,9.65
1776792773.7263367,0.46,-0.11,9.69,0.0,0.46,-0.11,9.69
1776792774.0563824,0.61,-0.19,9.65,0.0,0.61,-0.19,9.65
1776792774.3863828,0.54,-0.27,9.61,0.0,0.54,-0.27,9.61
1776792774.7520063,0.61,-0.19,9.69,0.0,0.61,-0.19,9.69
1776792775.0166223,0.5,-0.27,9.61,0.0,0.5,-0.27,9.61
