timestamp_us,ax,ay,az,qw,qx,qy,qz,vx,vy,px,py
1777067882.437322,0.04,-0.04,0.0,0.0,0.04,-0.04,0.0,0.0,0.0,0.0,0.0
1777067882.4492383,-0.04,-0.04,0.0,0.0,-0.04,-0.04,0.0,-0.0004766559600830079,-0.0004766559600830078,-5.68002260706635e-06,-5.680022607066348e-06
1777067882.4633403,-0.04,-0.04,-0.04,0.0,-0.04,-0.04,-0.04,-0.0010407352447509767,-0.0010407352447509767,-2.0356452416763208e-05,-2.0356452416763205e-05
1777067882.476973,-0.04,0.0,0.11,0.0,-0.04,0.0,0.11,-0.0015860462188720705,-0.0010407352447509767,-4.197866263211836e-05,-3.454456116969596e-05
1777067882.4882808,-0.0,-0.08,0.11,0.0,-0.0,-0.08,0.11,-0.0015860462188720705,-0.0019453525543212894,-5.9913223424246105e-05,-5.6542056092894207e-05
1777067882.5016828,-0.0,0.04,-0.08,0.0,-0.0,0.04,-0.08,-0.0015860462188720705,-0.0014092731475830083,-8.116939132605695e-05,-7.542911391510645e-05
1777067882.515066,0.04,-0.04,-0.0,0.0,0.04,-0.04,-0.0,-0.00105072021484375,-0.0019445991516113285,-9.523133767515902e-05,-0.0001014539762468303
1777067882.5286846,0.04,0.0,0.04,0.0,0.04,0.0,0.04,-0.0005059719085693358,-0.0019445991516113285,-0.00010212202118054848,-0.00012793690360240364
1777067882.5400686,-0.0,0.07,-0.0,0.0,-0.0,0.07,-0.0,-0.0005059719085693358,-0.00114771842956543,-0.00010788201060677239,-0.00014100254204322486
1777067882.5534272,0.04,0.0,-0.04,0.0,0.04,0.0,-0.04,2.8371810913086154e-05,-0.00114771842956543,-0.00010750300313247863,-0.00015633444540753775
1777067882.566779,-0.04,-0.08,0.04,0.0,-0.04,-0.08,0.04,-0.0005056953430175779,-0.0022158527374267585,-0.00011425488494751335,-0.00018591979953271225
1777067882.5782034,0.04,0.04,-0.01,0.0,0.04,0.04,-0.01,-4.871368408203091e-05,-0.0017588710784912115,-0.00011481141645163007,-0.00020601409511527896
1777067882.5912323,0.04,0.04,-0.01,0.0,0.04,0.04,-0.01,0.00047244071960449266,-0.001237716674804688,-0.00010865605241406228,-0.00022214013250504655
1777067882.6053617,-0.04,0.04,0.03,0.0,-0.04,0.04,0.03,-9.273529052734338e-05,-0.0006725406646728521,-0.0001099663464515288,-0.00023164272874282694
1777067882.6193306,-0.0,-0.08,-0.01,0.0,-0.0,-0.08,-0.01,-9.273529052734338e-05,-0.001790056228637696,-0.00011126176058269264,-0.0002566479249412624
1777067882.6313677,-0.04,0.0,0.03,0.0,-0.04,0.0,0.03,-0.0005742168426513669,-0.001790056228637696,-0.00011817363099908105,-0.00027819490122510626
1777067882.6461518,-0.0,0.04,-0.01,0.0,-0.0,0.04,-0.01,-0.0005742168426513669,-0.0011986923217773443,-0.00012666290888546425,-0.00029591648558835015
1777067882.6573,-0.0,-0.12,-0.01,0.0,-0.0,-0.12,-0.01,-0.0005742168426513669,-0.0025364780426025395,-0.0001330644013251003,-0.0003241936864765195
1777067882.672011,-0.04,-0.04,0.03,0.0,-0.04,-0.04,0.03,-0.0011626529693603512,-0.003124914169311524,-0.00015016807657502792,-0.0003701639962287119
1777067882.6853492,0.04,0.07,-0.05,0.0,0.04,0.07,-0.05,-0.0006291198730468746,-0.00219123125076294,-0.00015855948342050394,-0.000399391356077672
1777067882.6988246,-0.0,0.0,0.07,0.0,-0.0,0.0,0.07,-0.0006291198730468746,-0.00219123125076294,-0.00016703713673905439,-0.00042891911331537373
1777067882.7117035,0.04,0.07,0.03,0.0,0.04,0.07,0.03,-0.00011396408081054644,-0.0012897086143493657,-0.00016850486814746544,-0.0004455291348898528
1777067882.7244115,-0.0,-0.16,0.03,0.0,-0.0,-0.16,0.03,-0.00011396408081054644,-0.003322980403900147,-0.000169953117838304,-0.00048775739934285426
1777067882.7375076,-0.0,0.04,-0.13,0.0,-0.0,0.04,-0.13,-0.00011396408081054644,-0.002799136638641358,-0.00017144560216820535,-0.0005244151562493472
1777067882.752418,-0.04,0.0,0.18,0.0,-0.04,0.0,0.18,-0.0007103824615478511,-0.002799136638641358,-0.0001820377311037191,-0.0005661515697863707
1777067882.7661958,-0.04,0.04,-0.01,0.0,-0.04,0.04,-0.01,-0.0012614917755126949,-0.002248027324676514,-0.00019941822777809644,-0.0005971242897032881
1777067882.777372,-0.0,-0.07,0.07,0.0,-0.0,-0.07,0.07,-0.0012614917755126949,-0.003030354976654053,-0.00021351679775989392,-0.0006309918681824912
1777067882.7945127,-0.04,-0.03,0.03,0.0,-0.04,-0.03,0.03,-0.0019471263885498043,-0.003544580936431885,-0.00024689222895858616,-0.000691749052650721
1777067882.805716,0.04,0.04,0.03,0.0,0.04,0.04,0.03,-0.0014989948272705073,-0.003096449375152588,-0.0002636859012659442,-0.0007264394699734568
1777067882.817385,-0.08,-0.03,0.07,0.0,-0.08,-0.03,0.07,-0.0024325084686279293,-0.0034465169906616215,-0.0002920706492432145,-0.0007666566027978662
1777067882.8322463,-0.0,0.01,0.02,0.0,-0.0,0.01,0.02,-0.0024325084686279293,-0.0032979035377502445,-0.0003282209975191107,-0.0008156678860092372
1777067882.8452506,0.07,0.01,0.06,0.0,0.07,0.01,0.06,-0.0015222072601318352,-0.003167860507965088,-0.00034801624192596123,-0.0008568637038484896
1777067882.857663,0.04,0.04,-0.02,0.0,0.04,0.04,-0.02,-0.0010257148742675772,-0.0026713681221008302,-0.0003607477325545004,-0.0008900215521600787
1777067882.8722324,0.04,0.04,-0.02,0.0,0.04,0.04,-0.02,-0.0004429340362548819,-0.0020885872840881348,-0.00036720106927532457,-0.0009204512683521673
1777067882.885396,-0.08,-0.04,0.1,0.0,-0.08,-0.04,0.1,-0.0014960193634033195,-0.0026151299476623534,-0.00038689401978444935,-0.0009548757055580383
1777067882.89865,-0.0,0.04,-0.1,0.0,-0.0,0.04,-0.1,-0.0014960193634033195,-0.002084972858428955,-0.000406722151562917,-0.0009825097841019217
1777067882.9123502,-0.04,-0.04,-0.02,0.0,-0.04,-0.04,-0.02,-0.002044029235839843,-0.0026329827308654787,-0.0004347258565826449,-0.0010185822973636507
1777067882.9262264,-0.0,0.01,-0.02,0.0,-0.0,0.01,-0.02,-0.002044029235839843,-0.0024942207336425782,-0.00046308921449735843,-0.001053192602415152
1777067882.937262,0.04,-0.03,-0.02,0.0,0.04,-0.03,-0.02,-0.0016026020050048822,-0.002825291156768799,-0.000480775018627355,-0.0010843716137060259
1777067882.9542787,-0.04,-0.03,0.02,0.0,-0.04,-0.03,0.02,-0.002283267974853515,-0.003335790634155274,-0.0005196285888905548,-0.001141135592886258
1777067882.964286,-0.0,0.08,-0.1,0.0,-0.0,0.08,-0.1,-0.002283267974853515,-0.002535200119018555,-0.0005424781224428442,-0.0011665063075020046
1777067882.9783142,-0.0,-0.07,0.06,0.0,-0.0,-0.07,0.06,-0.002283267974853515,-0.0035171651840209964,-0.000574507970804916,-0.0012158453551955974
1777067882.9907212,0.04,-0.03,-0.02,0.0,0.04,-0.03,-0.02,-0.0017869853973388667,-0.0038893771171569828,-0.0005966792137792252,-0.0012641011077113265
1777067883.0044212,-0.0,0.01,-0.06,0.0,-0.0,0.01,-0.06,-0.0017869853973388667,-0.0037523770332336427,-0.000621160928719746,-0.0013155087045578287
1777067883.01844,-0.04,0.01,0.02,0.0,-0.04,0.01,0.02,-0.002347736358642578,-0.003612189292907715,-0.0006540733142196585,-0.001366147170018053
1777067883.0289695,-0.0,-0.03,-0.02,0.0,-0.0,-0.03,-0.02,-0.002347736358642578,-0.003928074836730957,-0.0006787938467664388,-0.0014075079052173582
1777067883.042661,-0.0,-0.07,0.02,0.0,-0.0,-0.07,0.02,-0.002347736358642578,-0.004886474609375,-0.0007109377038000274,-0.001474410707426728
1777067883.0544074,0.04,0.04,-0.05,0.0,0.04,0.04,-0.05,-0.0018778800964355466,-0.004416618347167969,-0.0007329960468746321,-0.0015262901021316116
1777067883.0703795,-0.05,-0.03,0.03,0.0,-0.05,-0.03,0.03,-0.0026764869689941406,-0.0048957824707031245,-0.0007757452646296769,-0.0016044862126847197
1777067883.0815032,-0.01,-0.03,0.03,0.0,-0.01,-0.03,0.03,-0.0027877235412597655,-0.0052294921874999995,-0.0008067549457450695,-0.0016626572912474562
1777067883.093204,0.03,-0.03,-0.05,0.0,0.03,-0.03,-0.05,-0.002436697483062744,-0.005580518245697021,-0.0008352664228283401,-0.0017279542019969089
1777067883.105404,-0.01,0.08,0.03,0.0,-0.01,0.08,0.03,-0.002558696269989014,-0.0046045279502868654,-0.0008664822069334832,-0.0017841288844272188
1777067883.1197617,0.03,-0.07,0.03,0.0,0.03,-0.07,0.03,-0.002127962112426758,-0.005609574317932129,-0.0008970350725275011,-0.0018646700600311308
1777067883.1323895,-0.01,0.01,-0.05,0.0,-0.01,0.01,-0.05,-0.0022542405128479007,-0.0054832959175109865,-0.0009255012611401979,-0.0019339122437810378
1777067883.1454113,-0.01,0.04,-0.09,0.0,-0.01,0.04,-0.09,-0.002384457588195801,-0.004962427616119385,-0.0009565509704827944,-0.0019985315248607096
1777067883.1581192,-0.05,-0.07,0.07,0.0,-0.05,-0.07,0.07,-0.0030198550224304205,-0.0058519840240478516,-0.0009949271331430507,-0.0020728982375419493
1777067883.1726904,-0.05,0.01,0.03,0.0,-0.05,0.01,0.03,-0.003748414516448975,-0.005706272125244141,-0.001049545992812568,-0.0021560454121879505
1777067883.1862345,-0.01,0.01,-0.01,0.0,-0.01,0.01,-0.01,-0.0038838553428649906,-0.005570831298828125,-0.0011021492505443574,-0.0022314972116816993
1777067883.1972888,-0.01,0.01,-0.01,0.0,-0.01,0.01,-0.01,-0.00399439811706543,-0.005460288524627685,-0.0011463044354564998,-0.0022918567558264163
1777067883.2143998,0.03,0.04,-0.05,0.0,0.03,0.04,-0.05,-0.003481066226959229,-0.004775846004486084,-0.0012058691789854944,-0.0023735765577043827
1777067883.2267716,-0.01,-0.11,0.07,0.0,-0.01,-0.11,0.07,-0.0036047840118408206,-0.006136741638183594,-0.0012504667682776468,-0.0024494989658910534
1777067883.238202,0.03,0.01,-0.01,0.0,0.03,0.01,-0.01,-0.003261868953704834,-0.006022436618804932,-0.0012877515676740356,-0.0025183384393329795
1777067883.250442,-0.01,-0.03,-0.01,0.0,-0.01,-0.03,-0.01,-0.0033842682838439945,-0.006389634609222412,-0.0013291747847694066,-0.0025965471389332614
1777067883.2663512,-0.01,0.01,0.03,0.0,-0.01,0.01,0.03,-0.0035433602333068853,-0.006230542659759522,-0.0013855467934860142,-0.002695670056728546
1777067883.2781692,-0.01,0.01,-0.01,0.0,-0.01,0.01,-0.01,-0.003661539554595948,-0.006112363338470459,-0.0014288186194295347,-0.002767905551809805
1777067883.290347,-0.01,-0.11,0.03,0.0,-0.01,-0.11,0.03,-0.003783318996429444,-0.007451937198638917,-0.0014748916669958588,-0.0028586548270726564
1777067883.305997,0.03,0.04,0.03,0.0,0.03,0.04,0.03,-0.0033138251304626475,-0.006825945377349854,-0.0015267523527171532,-0.0029654794765423286
1777067883.3169694,-0.01,0.01,-0.01,0.0,-0.01,0.01,-0.01,-0.0034235501289367684,-0.006716220378875733,-0.0015643172559845196,-0.0030391732036247287
1777067883.331238,-0.01,0.01,-0.01,0.0,-0.01,0.01,-0.01,-0.0035662364959716804,-0.006573534011840821,-0.001615202588944271,-0.0031329685722977286
1777067883.3443713,-0.05,0.01,-0.04,0.0,-0.05,0.01,-0.04,-0.004222900867462159,-0.006442201137542725,-0.0016706631598242436,-0.0032175758515177234
1777067883.3562424,0.03,0.04,0.04,0.0,0.03,0.04,0.04,-0.0038667678833007825,-0.0059673571586608895,-0.0017165659460022197,-0.003288414941933412
1777067883.3706834,0.07,0.04,-0.04,0.0,0.07,0.04,-0.04,-0.0028558969497680673,-0.005389716625213624,-0.0017578079919405808,-0.0033662479115963615
1777067883.383219,-0.01,0.04,-0.0,0.0,-0.01,0.04,-0.0,-0.002981252670288087,-0.004888293743133546,-0.0017951796995942003,-0.0034275254700247624
1777067883.3955345,0.03,0.01,-0.04,0.0,0.03,0.01,-0.04,-0.0026117873191833507,-0.004765138626098634,-0.0018273451968906329,-0.003486210590543238
1777067883.408204,-0.01,-0.03,0.07,0.0,-0.01,-0.03,0.07,-0.002738482952117921,-0.005145225524902345,-0.001862040579980544,-0.003551398350990099
1777067883.4224494,0.03,0.0,-0.0,0.0,0.03,0.0,-0.0,-0.0023111248016357434,-0.005145225524902345,-0.001894963180672562,-0.0036246934864612975
1777067883.435297,-0.05,-0.11,0.04,0.0,-0.05,-0.11,0.04,-0.0029535079002380384,-0.006558468341827394,-0.0019329088518065874,-0.0037089544707714604
1777067883.4472675,-0.01,0.08,0.04,0.0,-0.01,0.08,0.04,-0.003073213100433351,-0.005600826740264894,-0.0019696968107496106,-0.003775999279391727
1777067883.4614997,0.03,0.04,-0.08,0.0,0.03,0.04,-0.08,-0.0026462483406066908,-0.005031540393829347,-0.0020073586369892386,-0.0038476089605853766
1777067883.4742136,-0.05,-0.03,0.04,0.0,-0.05,-0.03,0.04,-0.0032819437980651867,-0.005412957668304444,-0.002049084972270521,-0.003916428812608502
1777067883.4862835,-0.01,0.01,0.07,0.0,-0.01,0.01,0.07,-0.0034026432037353527,-0.005292258262634278,-0.0020901546735103698,-0.0039803060553038
1777067883.5004697,-0.01,-0.03,0.03,0.0,-0.01,-0.03,0.03,-0.0035445046424865735,-0.00571784257888794,-0.0021404375263347226,-0.004061420192783203
1777067883.513812,0.03,0.04,-0.01,0.0,0.03,0.04,-0.01,-0.003144233226776124,-0.0051841473579406746,-0.002182389082501573,-0.004130589059523686
1777067883.5254502,-0.01,-0.03,-0.01,0.0,-0.01,-0.03,-0.01,-0.0032606148719787607,-0.005533292293548584,-0.0022203366548188804,-0.004194986425574711
1777067883.539468,-0.05,-0.03,0.03,0.0,-0.05,-0.03,0.03,-0.003961505889892579,-0.005953826904296875,-0.002275868332731648,-0.004278446101563417
1777067883.5534482,0.03,0.01,0.03,0.0,0.03,0.01,0.03,-0.003542101383209229,-0.005814025402069092,-0.002325387442173224,-0.004359727050083392
1777067883.5658584,0.03,0.01,-0.05,0.0,0.03,0.01,-0.05,-0.003169796466827393,-0.005689923763275147,-0.002364725135790878,-0.004430339936446898
1777067883.5833426,-0.01,0.01,0.07,0.0,-0.01,0.01,0.07,-0.003344638347625733,-0.005515081882476807,-0.0024232034217197915,-0.004526766665355807
1777067883.5961998,-0.05,0.01,-0.05,0.0,-0.05,0.01,-0.05,-0.003987498283386231,-0.005386509895324707,-0.0024744714795258468,-0.004596022093461442
1777067883.6098578,-0.05,-0.03,0.02,0.0,-0.05,-0.03,0.02,-0.004670400619506836,-0.00579625129699707,-0.0025382600293994534,-0.004675187564490669
1777067883.6232512,-0.0,0.01,0.02,0.0,-0.0,0.01,0.02,-0.004670400619506836,-0.0056623172760009765,-0.0026008125828627733,-0.004751025256583715
1777067883.6353292,-0.04,0.04,-0.06,0.0,-0.04,0.04,-0.06,-0.005153522491455079,-0.005179195404052734,-0.002663057068692752,-0.004813579821053507
1777067883.6475732,-0.04,-0.03,0.02,0.0,-0.04,-0.03,0.02,-0.0056432819366455085,-0.005546514987945557,-0.0027321533344513687,-0.004881491273634423
1777067883.6612222,-0.0,-0.03,0.02,0.0,-0.0,-0.03,0.02,-0.0056432819366455085,-0.005955984592437744,-0.002809178415205907,-0.004962784428815325
1777067883.6739228,-0.0,0.01,-0.06,0.0,-0.0,0.01,-0.06,-0.0056432819366455085,-0.005828979015350341,-0.0028808512431089646,-0.0050368157131828175
1777067883.6852353,-0.0,-0.07,0.02,0.0,-0.0,-0.07,0.02,-0.0056432819366455085,-0.006620852947235107,-0.0029446907839076183,-0.005111714011122216
1777067883.6974547,0.04,0.01,-0.02,0.0,0.04,0.01,-0.02,-0.005154504776000978,-0.006498658657073974,-0.0030076758891311793,-0.005191123909282281
1777067883.7111795,0.04,0.01,0.06,0.0,0.04,0.01,0.06,-0.004605512619018556,-0.006361410617828369,-0.0030708856467992983,-0.005278433022695593
1777067883.724368,-0.04,-0.07,0.02,0.0,-0.04,-0.07,0.02,-0.005133056640625001,-0.007284612655639648,-0.0031385834803825227,-0.005374506869100627
1777067883.7362485,-0.0,-0.03,-0.02,0.0,-0.0,-0.03,-0.02,-0.005133056640625001,-0.007641024589538574,-0.0031995662351857854,-0.005465285280798183
1777067883.750053,-0.04,0.02,-0.02,0.0,-0.04,0.02,-0.02,-0.00568523406982422,-0.0073649358749389646,-0.003278047683512569,-0.005566954064739205
1777067883.7632575,-0.0,0.02,-0.02,0.0,-0.0,0.02,-0.02,-0.00568523406982422,-0.007100844383239746,-0.003353118780820524,-0.005660717694013895
1777067883.7753365,-0.0,0.02,-0.06,0.0,-0.0,0.02,-0.06,-0.00568523406982422,-0.006859264373779297,-0.0034217907258391744,-0.005743570751629361
1777067883.787156,-0.0,0.02,0.02,0.0,-0.0,0.02,0.02,-0.00568523406982422,-0.006622872352600098,-0.003488987924471304,-0.00582185046070151
1777067883.801411,0.04,0.05,0.02,0.0,0.04,0.05,0.02,-0.005115041732788088,-0.0059101319313049315,-0.0035619018644626986,-0.005906098259154076
1777067883.8159945,0.04,0.02,-0.05,0.0,0.04,0.02,-0.05,-0.004531698226928713,-0.005618460178375244,-0.0036279902827425314,-0.005988035565603693
1777067883.8262775,-0.08,-0.02,0.07,0.0,-0.08,-0.02,0.07,-0.005354337692260744,-0.005824120044708251,-0.003683048901447138,-0.0060479249530987975
1777067883.8395047,-0.0,-0.02,-0.06,0.0,-0.0,-0.02,-0.06,-0.005354337692260744,-0.0060886645317077635,-0.003753871927348201,-0.006128461084851435
1777067883.8522148,0.04,0.05,-0.01,0.0,0.04,0.05,-0.01,-0.004845933914184572,-0.005453159809112549,-0.003815464205105173,-0.006197771261086584
1777067883.8646293,-0.0,0.02,-0.05,0.0,-0.0,0.02,-0.05,-0.004845933914184572,-0.005204870700836181,-0.0038756238356211278,-0.006262386896336804
1777067883.877211,0.04,0.02,-0.05,0.0,0.04,0.02,-0.05,-0.0043426609039306655,-0.004953234195709228,-0.003930262436261956,-0.0063247076234409835
1777067883.891389,-0.04,0.02,-0.01,0.0,-0.04,0.02,-0.01,-0.004909772872924806,-0.004669678211212158,-0.003999872210293916,-0.006390913383564223
1777067883.9082825,-0.04,-0.06,-0.01,0.0,-0.04,-0.06,-0.01,-0.005585517883300782,-0.005683295726776123,-0.004094231856294073,-0.006486924851810724
1777067883.9162216,-0.0,0.02,-0.01,0.0,-0.0,0.02,-0.01,-0.005585517883300782,-0.005524513721466065,-0.004138575842804358,-0.00653078452016359
1777067883.93046,-0.0,0.02,-0.01,0.0,-0.0,0.02,-0.01,-0.005585517883300782,-0.005239746570587158,-0.004218104443494895,-0.006605389905275271
1777067883.943222,0.04,0.01,-0.01,0.0,0.04,0.01,-0.01,-0.005075035095214845,-0.005112125873565674,-0.004282872395120876,-0.006670631211999872
1777067883.9553895,-0.0,0.04,-0.05,0.0,-0.0,0.04,-0.05,-0.005075035095214845,-0.004625427722930908,-0.004344622650002066,-0.006726910889966004
1777067883.9703045,0.04,0.04,-0.09,0.0,0.04,0.04,-0.09,-0.004478435516357423,-0.004028828144073487,-0.00441141846857704,-0.0067870008193170826
1777067883.9834902,-0.0,0.01,-0.01,0.0,-0.0,0.01,-0.01,-0.004478435516357423,-0.0038969707489013676,-0.00447046995274036,-0.00683838526051829
1777067883.998243,-0.0,0.04,-0.01,0.0,-0.0,0.04,-0.01,-0.004478435516357423,-0.0033068561553955085,-0.004536539706597296,-0.006887170862416379
1777067884.0102944,0.04,0.04,0.04,0.0,0.04,0.04,0.04,-0.003996381759643556,-0.002824802398681641,-0.00458470147760977,-0.00692121352762285
1777067884.02356,-0.0,0.01,-0.0,0.0,-0.0,0.01,-0.0,-0.003996381759643556,-0.0026921463012695318,-0.004637715918410096,-0.006956926489821736
1777067884.0354035,-0.04,0.01,-0.0,0.0,-0.04,0.01,-0.0,-0.0044701194763183605,-0.0025737118721008306,-0.004690657523259462,-0.006987408099463433
1777067884.0501022,-0.0,0.04,-0.08,0.0,-0.0,0.04,-0.08,-0.0044701194763183605,-0.0019857621192932136,-0.004756362664287509,-0.007016596308142762
1777067884.0612302,-0.0,0.0,-0.0,0.0,-0.0,0.0,-0.0,-0.0044701194763183605,-0.0019857621192932136,-0.004806105924775467,-0.007038693767257765
1777067884.073716,-0.0,0.0,-0.0,0.0,-0.0,0.0,-0.0,-0.0044701194763183605,-0.0019857621192932136,-0.004861918685809315,-0.007063487481882472
1777067884.086151,0.04,0.0,-0.0,0.0,0.04,0.0,-0.0,-0.003972721099853516,-0.0019857621192932136,-0.004911319311439685,-0.007088180353237017
1777067884.1003084,-0.04,-0.08,-0.0,0.0,-0.04,-0.08,-0.0,-0.004539022445678712,-0.003118364810943604,-0.004975580674432651,-0.0071323287079673
1777067884.11226,0.04,0.11,-0.04,0.0,0.04,0.11,-0.04,-0.004060955047607423,-0.001803679466247559,-0.005024115929765005,-0.007153885716701889
1777067884.1249466,-0.0,0.04,0.07,0.0,-0.0,0.04,0.07,-0.004060955047607423,-0.0012962198257446293,-0.0050756351994789405,-0.007170330197871518
1777067884.1375115,0.04,0.0,-0.08,0.0,0.04,0.0,-0.08,-0.003558359146118165,-0.0012962198257446293,-0.005120345617550585,-0.007186617067167727
1777067884.1516116,-0.04,-0.04,-0.08,0.0,-0.04,-0.04,-0.08,-0.004122362136840821,-0.0018602228164672856,-0.005178471231901087,-0.007212846347965179
1777067884.1647942,-0.04,0.0,-0.04,0.0,-0.04,0.0,-0.04,-0.004649667739868165,-0.0018602228164672856,-0.005239766128187286,-0.007237368995815242
1777067884.1773806,-0.04,-0.04,0.07,0.0,-0.04,-0.04,0.07,-0.005153121948242188,-0.002363677024841309,-0.005304625151464963,-0.007267119074450075
1777067884.191333,-0.04,-0.12,0.07,0.0,-0.04,-0.12,0.07,-0.00571122169494629,-0.004037976264953613,-0.005384310935997976,-0.00732345891271677
1777067884.204569,0.04,0.0,-0.04,0.0,0.04,0.0,-0.04,-0.005181779861450196,-0.004037976264953613,-0.005452897211763459,-0.007376905751650039
1777067884.218513,-0.0,-0.04,0.07,0.0,-0.0,-0.04,0.07,-0.005181779861450196,-0.004595732688903809,-0.0055251514868939495,-0.007440988237399889
1777067884.2316253,-0.0,-0.04,-0.04,0.0,-0.0,-0.04,-0.04,-0.005181779861450196,-0.0051202249526977545,-0.0055930965731442964,-0.007508126196814256
1777067884.2443025,-0.0,-0.04,-0.0,0.0,-0.0,-0.04,-0.0,-0.005181779861450196,-0.005627312660217286,-0.0056587869949146375,-0.007579464723723387
1777067884.2604425,-0.0,0.04,-0.0,0.0,-0.0,0.04,-0.0,-0.005181779861450196,-0.004981713294982911,-0.0057424208396480506,-0.007659869497248902
1777067884.273208,0.04,-0.04,-0.04,0.0,0.04,-0.04,-0.04,-0.0046711635589599615,-0.005492329597473145,-0.005802050146268132,-0.007729981323026888
1777067884.2854056,0.04,0.0,0.04,0.0,0.04,0.0,0.04,-0.00418325424194336,-0.005492329597473145,-0.005853076364270467,-0.007796975292595217
1777067884.2992992,-0.0,0.04,-0.07,0.0,-0.0,0.04,-0.07,-0.00418325424194336,-0.0049365854263305675,-0.005911196843304654,-0.007865562256995983
1777067884.3136556,-0.04,-0.04,0.0,0.0,-0.04,-0.04,0.0,-0.004757509231567383,-0.005510840415954591,-0.0059794974286649025,-0.007944677947143075
1777067884.3252962,-0.0,0.04,0.04,0.0,-0.0,0.04,0.04,-0.004757509231567383,-0.005045218467712403,-0.006034877446594467,-0.008003407058449168
1777067884.3392656,-0.0,-0.04,-0.04,0.0,-0.0,-0.04,-0.04,-0.004757509231567383,-0.005603995323181153,-0.006101337097801436,-0.008081691630567886
1777067884.3522189,-0.0,0.0,0.04,0.0,-0.0,0.0,0.04,-0.004757509231567383,-0.005603995323181153,-0.006162962453653338,-0.008154281758967838
1777067884.364571,-0.0,0.04,-0.04,0.0,-0.0,0.04,-0.04,-0.004757509231567383,-0.005109906196594239,-0.006221728293177196,-0.008217400486208245
1777067884.38194,-0.0,-0.08,0.04,0.0,-0.0,-0.08,0.04,-0.004757509231567383,-0.006499409675598145,-0.006304360488535397,-0.008330287390654686
1777067884.3922105,-0.0,0.04,0.04,0.0,-0.0,0.04,0.04,-0.004757509231567383,-0.006088585853576661,-0.006353222941680773,-0.008392820793431495
1777067884.404775,0.04,0.01,-0.0,0.0,0.04,0.01,-0.0,-0.004254932403564454,-0.0059629416465759285,-0.006406683702449531,-0.008467741700889061
1777067884.4164157,-0.0,-0.03,0.04,0.0,-0.0,-0.03,0.04,-0.004254932403564454,-0.006312165260314942,-0.006456214464789131,-0.008541220272979896
1777067884.431286,-0.0,0.01,-0.04,0.0,-0.0,0.01,-0.04,-0.004254932403564454,-0.006163461208343507,-0.00651948703371659,-0.00863287343856484
1777067884.4434958,-0.0,-0.03,-0.0,0.0,-0.0,-0.03,-0.0,-0.004254932403564454,-0.00652975082397461,-0.006571438285537855,-0.008712599435880857
1777067884.4570863,-0.0,0.01,-0.0,0.0,-0.0,0.01,-0.0,-0.004254932403564454,-0.0063938450813293465,-0.006629265260359038,-0.00879949546229454
1777067884.473255,-0.0,-0.03,0.04,0.0,-0.0,-0.03,0.04,-0.004254932403564454,-0.006878902912139893,-0.006698061536422988,-0.00891071765312517
1777067884.48366,-0.0,0.01,-0.0,0.0,-0.0,0.01,-0.0,-0.004254932403564454,-0.00677485227584839,-0.00674233437881981,-0.008981210422133467
1777067884.4964592,-0.0,0.01,0.04,0.0,-0.0,0.01,0.04,-0.004254932403564454,-0.006646859645843507,-0.006796794377702331,-0.00906628532686795
1777067884.510367,-0.0,-0.07,0.07,0.0,-0.0,-0.07,0.07,-0.004254932403564454,-0.007620396614074708,-0.006855970577590829,-0.009172267295673458
1777067884.5233965,-0.0,0.01,-0.04,0.0,-0.0,0.01,-0.04,-0.004254932403564454,-0.0074901008605957045,-0.006911410539943295,-0.009269860129199963
1777067884.5362294,-0.0,0.04,0.07,0.0,-0.0,0.04,0.07,-0.004254932403564454,-0.00697678565979004,-0.00696601357697205,-0.009359392382498293
1777067884.550488,-0.01,-0.03,0.04,0.0,-0.01,-0.03,0.04,-0.004397518634796143,-0.007404544353485109,-0.00702871613786272,-0.009464970989833425
1777067884.564092,0.03,0.04,0.04,0.0,0.03,0.04,0.04,-0.003989400863647461,-0.006860387325286867,-0.007082987650819068,-0.00955829918931385
1777067884.575232,-0.01,0.01,-0.04,0.0,-0.01,0.01,-0.04,-0.0041008019447326665,-0.006748986244201662,-0.007128671027815021,-0.009633483625697175
1777067884.5895135,0.03,0.04,-0.01,0.0,0.03,0.04,-0.01,-0.0036723566055297855,-0.006177725791931154,-0.007181117830199359,-0.00972171088644472
1777067884.6032178,-0.05,-0.03,0.03,0.0,-0.05,-0.03,0.03,-0.0043575716018676765,-0.0065888547897338876,-0.0072408352983836756,-0.009812006528657087
1777067884.616737,-0.01,0.04,-0.09,0.0,-0.01,0.04,-0.09,-0.004492762088775635,-0.006048092842102052,-0.007301573167817995,-0.009893770990275918
1777067884.629318,0.03,0.04,-0.01,0.0,0.03,0.04,-0.01,-0.004115328788757325,-0.005544848442077638,-0.00735334857199803,-0.00996353133846241
1777067884.6424625,-0.01,0.01,-0.05,0.0,-0.01,0.01,-0.05,-0.004246773719787598,-0.005413403511047365,-0.007409170259867896,-0.010034687783577276
1777067884.6542635,0.03,-0.07,0.03,0.0,0.03,-0.07,0.03,-0.003892743587493897,-0.006239473819732668,-0.007455108544110093,-0.010108319841638711
1777067884.6667826,-0.05,-0.03,-0.0,0.0,-0.05,-0.03,-0.0,-0.0045186996459960944,-0.006615047454833986,-0.007511678692509353,-0.010191134422271368
1777067884.6802204,0.03,0.08,-0.08,0.0,0.03,0.08,-0.08,-0.004115567207336426,-0.005540027618408205,-0.007566982647334729,-0.010265579917073062
1777067884.6925187,-0.05,-0.07,0.04,0.0,-0.05,-0.07,0.04,-0.004730484485626222,-0.006400911808013918,-0.007625159780232597,-0.0103443005424242
1777067884.7060711,0.03,0.04,-0.0,0.0,0.03,0.04,-0.0,-0.004323911666870118,-0.005858814716339113,-0.0076837592787143225,-0.010423701702883925
1777067884.719246,-0.01,-0.03,-0.0,0.0,-0.01,-0.03,-0.0,-0.00445565938949585,-0.006254057884216311,-0.007742461576450526,-0.010506097491225426
1777067884.7317374,-0.01,0.04,-0.0,0.0,-0.01,0.04,-0.0,-0.004580574035644532,-0.005754399299621584,-0.007799679654932563,-0.010577978366456471
1777067884.7443635,-0.01,0.01,0.04,0.0,-0.01,0.01,0.04,-0.004706835746765138,-0.005628137588500978,-0.007859108968467584,-0.010649040194691104
1777067884.7591343,-0.05,-0.07,0.07,0.0,-0.05,-0.07,0.07,-0.005445373058319093,-0.006662089824676515,-0.00793954119204557,-0.010747444232860054
1777067884.7714367,-0.01,0.04,-0.0,0.0,-0.01,0.04,-0.0,-0.0055683970451355,-0.00616999387741089,-0.008008045832512497,-0.010823349957403245
1777067884.784823,-0.01,-0.03,0.04,0.0,-0.01,-0.03,0.04,-0.005702259540557863,-0.00657158136367798,-0.008084377701677001,-0.010911318785424548
1777067884.7983985,-0.01,0.04,0.04,0.0,-0.01,0.04,0.04,-0.005838015079498293,-0.006028559207916262,-0.008163631990022966,-0.010993159815855044
1777067884.8122518,-0.01,-0.03,0.04,0.0,-0.01,-0.03,0.04,-0.005976548194885255,-0.006444158554077151,-0.008246426974092743,-0.011082432751909429
1777067884.824344,-0.01,0.08,-0.04,0.0,-0.01,0.08,-0.04,-0.006097469329833986,-0.005476789474487306,-0.008320158265260603,-0.011148658711822456
1777067884.8384032,-0.01,-0.07,0.04,0.0,-0.01,-0.07,0.04,-0.006238062381744386,-0.0064609408378601095,-0.008407861088086293,-0.011239495050883185
1777067884.8521771,-0.01,-0.07,0.07,0.0,-0.01,-0.07,0.07,-0.006375801563262941,-0.0074251151084899925,-0.008495680856971149,-0.011341767978655631
1777067884.864439,-0.01,0.04,-0.01,0.0,-0.01,0.04,-0.01,-0.0064984202384948744,-0.006934640407562258,-0.008575363625045612,-0.011426799620654144
1777067884.8793826,-0.05,-0.03,-0.01,0.0,-0.05,-0.03,-0.01,-0.0072456002235412615,-0.00738294839859009,-0.008683638974379165,-0.01153712744613528
1777067884.8922656,-0.01,0.01,-0.01,0.0,-0.01,0.01,-0.01,-0.0073744297027587905,-0.007254118919372561,-0.008778643368192434,-0.011630581882391758
1777067884.9045131,-0.05,-0.03,-0.01,0.0,-0.05,-0.03,-0.01,-0.007986807823181154,-0.007621545791625979,-0.00887646229545112,-0.011723927240123536
1777067884.9191988,-0.0,-0.03,-0.05,0.0,-0.0,-0.03,-0.05,-0.007986807823181154,-0.008062114715576173,-0.008993753606399651,-0.01184232448029035
1777067884.9324236,0.04,0.08,-0.05,0.0,0.04,0.08,-0.05,-0.007457814216613771,-0.007004127502441408,-0.009092382007388551,-0.011934952946999706
1777067884.9443378,-0.0,-0.03,-0.05,0.0,-0.0,-0.03,-0.05,-0.007457814216613771,-0.007361555099487306,-0.009181236294543852,-0.012022660378657398
1777067884.959278,-0.0,0.04,0.03,0.0,-0.0,0.04,0.03,-0.007457814216613771,-0.006763944625854493,-0.009292657991700254,-0.012123715482444473
1777067884.9724927,-0.0,-0.07,-0.01,0.0,-0.0,-0.07,-0.01,-0.007457814216613771,-0.007688965797424317,-0.009391209935186,-0.012225321998874383
1777067884.9841528,0.04,0.01,-0.01,0.0,0.04,0.01,-0.01,-0.00699141025543213,-0.007572364807128907,-0.009472730471120487,-0.012313616522413317
1777067884.9982257,-0.01,0.04,-0.0,0.0,-0.01,0.04,-0.0,-0.007132139205932618,-0.007009449005126954,-0.009573100317647914,-0.012412259762621138
1777067885.011268,-0.05,-0.07,-0.0,0.0,-0.05,-0.07,-0.0,-0.007784249782562256,-0.007922403812408448,-0.00967462414993463,-0.012515585428989189
1777067885.0244386,-0.01,0.01,-0.0,0.0,-0.01,0.01,-0.0,-0.007915956974029541,-0.007790696620941163,-0.00977888299601716,-0.012618194506140972
1777067885.037495,-0.01,0.01,-0.0,0.0,-0.01,0.01,-0.0,-0.00804651975631714,-0.007660133838653565,-0.00988394059672885,-0.01271820734480797
1777067885.0512648,-0.05,0.01,0.04,0.0,-0.05,0.01,0.04,-0.008735013008117676,-0.007522435188293458,-0.010004220546938428,-0.01282179026209291
1777067885.0634303,-0.0,0.01,-0.04,0.0,-0.0,0.01,-0.04,-0.008735013008117676,-0.007400779724121095,-0.010110486753143846,-0.012911824791350446
1777067885.0751836,-0.0,0.04,-0.04,0.0,-0.0,0.04,-0.04,-0.008735013008117676,-0.006930646896362306,-0.01021315216229425,-0.012993282906940058
1777067885.0884883,0.04,0.01,0.04,0.0,0.04,0.01,0.04,-0.008202824592590332,-0.00679759979248047,-0.010322288367863735,-0.013083723003513787
1777067885.102306,-0.0,0.01,-0.0,0.0,-0.0,0.01,-0.0,-0.008202824592590332,-0.006659424304962159,-0.010435631296574571,-0.01317573992350673
1777067885.1143968,0.04,0.01,-0.04,0.0,0.04,0.01,-0.04,-0.00771918773651123,-0.006538515090942384,-0.010528963388783837,-0.013254796595556959
1777067885.1275382,0.03,-0.03,-0.04,0.0,0.03,-0.03,-0.04,-0.00732494592666626,-0.006932756900787354,-0.010625223386755353,-0.013345902683149679
1777067885.1412888,0.03,0.04,-0.0,0.0,0.03,0.04,-0.0,-0.006912429332733154,-0.006382734775543214,-0.0107202731135601,-0.013433668816802528
1777067885.153169,-0.05,-0.11,-0.0,0.0,-0.05,-0.11,-0.0,-0.007506437301635742,-0.007689552307128907,-0.010809450785064885,-0.013525021923757085
1777067885.1650534,0.03,0.04,0.04,0.0,0.03,0.04,0.04,-0.007149903774261474,-0.007214174270629883,-0.01089442346549902,-0.01361075842375043
1777067885.178389,-0.01,0.04,-0.08,0.0,-0.01,0.04,-0.08,-0.007283260822296142,-0.006680746078491211,-0.010991550881831817,-0.013699850881320107
1777067885.1923048,-0.05,-0.03,0.04,0.0,-0.05,-0.03,0.04,-0.007979049682617187,-0.007098219394683838,-0.01110258555953408,-0.013798628120978823
1777067885.2045078,-0.01,0.01,0.04,0.0,-0.01,0.01,0.04,-0.00810107946395874,-0.006976189613342285,-0.011201442855095823,-0.013883758410290159
1777067885.2174056,0.03,-0.03,-0.0,0.0,0.03,-0.03,-0.0,-0.007714147567749023,-0.0073631215095520015,-0.01130093784663018,-0.013978725962547275
1777067885.2312942,-0.01,0.01,-0.0,0.0,-0.01,0.01,-0.0,-0.007853033542633057,-0.007224235534667969,-0.01141000546856674,-0.0140790604620497
1777067885.2424653,-0.01,0.04,-0.0,0.0,-0.01,0.04,-0.0,-0.007964744567871095,-0.00677739143371582,-0.011498980446710336,-0.014154771396599689
1777067885.255839,-0.05,0.01,-0.0,0.0,-0.05,0.01,-0.0,-0.008633437156677248,-0.00664365291595459,-0.011614442755562211,-0.014243622625949673
1777067885.2694807,-0.01,0.08,-0.0,0.0,-0.01,0.08,-0.0,-0.008769853115081789,-0.005552325248718262,-0.011734077547338304,-0.014319365202967437
1777067885.2825477,0.03,0.01,0.04,0.0,0.03,0.01,0.04,-0.008377842903137209,-0.005421655178070068,-0.011843550879741545,-0.014390210009482292
1777067885.294399,-0.01,0.01,-0.04,0.0,-0.01,0.01,-0.04,-0.008496356010437014,-0.005303142070770263,-0.01194424383489377,-0.014453059194008223
1777067885.308625,-0.05,-0.03,-0.04,0.0,-0.05,-0.03,-0.04,-0.009207653999328616,-0.005729920864105224,-0.012075231550336414,-0.014534572817751145
1777067885.322222,-0.01,0.01,-0.04,0.0,-0.01,0.01,-0.04,-0.009343624114990238,-0.005593950748443603,-0.012202276915497808,-0.014610633830778274
1777067885.3335176,-0.05,-0.07,0.07,0.0,-0.05,-0.07,0.07,-0.009908401966094974,-0.006384639739990234,-0.01231419783490367,-0.014682751893026865
1777067885.3485985,-0.01,0.01,-0.0,0.0,-0.01,0.01,-0.0,-0.010059211254119876,-0.006233830451965332,-0.01246590008363626,-0.01477676384623975
1777067885.362254,0.03,0.01,-0.0,0.0,0.03,0.01,-0.0,-0.009649548530578617,-0.006097276210784912,-0.01259766876136894,-0.014860024738862866
1777067885.3735516,-0.01,0.04,-0.0,0.0,-0.01,0.04,-0.0,-0.009762525558471683,-0.005645368099212646,-0.012707962873601562,-0.014923804429784004
1777067885.387405,-0.0,-0.03,-0.0,0.0,-0.0,-0.03,-0.0,-0.009762525558471683,-0.006060967445373535,-0.012843206181567556,-0.01500776890003066
1777067885.4016476,-0.0,-0.07,0.04,0.0,-0.0,-0.07,0.04,-0.009762525558471683,-0.007057952880859375,-0.012982250407215477,-0.015108292846124406
1777067885.413422,0.04,0.04,-0.04,0.0,0.04,0.04,-0.04,-0.009291543960571292,-0.006586971282958985,-0.013091654062753267,-0.015185851402628705
1777067885.4276,-0.01,-0.03,0.07,0.0,-0.01,-0.03,0.07,-0.009433321952819828,-0.00701230525970459,-0.01322539780742375,-0.01528527045870418
1777067885.441444,-0.05,0.04,0.04,0.0,-0.05,0.04,0.04,-0.010125522613525395,-0.006458544731140137,-0.013365575676285178,-0.015374682637306014
1777067885.4534428,-0.04,-0.03,-0.01,0.0,-0.04,-0.03,-0.01,-0.010605478286743169,-0.006818511486053468,-0.013492829663057936,-0.015456497219071812
1777067885.4676287,-0.04,-0.03,0.11,0.0,-0.04,-0.03,0.11,-0.011172914505004888,-0.007244088649749757,-0.013651327571899973,-0.015559261175775978
1777067885.481192,-0.0,0.08,-0.01,0.0,-0.0,0.08,-0.01,-0.011172914505004888,-0.006159017086029054,-0.013802870219565765,-0.01564279835453248
1777067885.4929872,-0.0,-0.03,-0.01,0.0,-0.0,-0.03,-0.01,-0.011172914505004888,-0.006512868404388429,-0.013934655237149518,-0.01571961792357228
1777067885.5062735,-0.0,-0.07,-0.01,0.0,-0.0,-0.07,-0.01,-0.011172914505004888,-0.007442913055419923,-0.01408310251388969,-0.015818507087504933
1777067885.5193188,-0.0,0.01,0.03,0.0,-0.0,0.01,0.03,-0.011172914505004888,-0.007312459945678712,-0.014228856658094747,-0.015913900401482117
1777067885.531047,0.04,0.01,-0.09,0.0,0.04,0.01,-0.09,-0.010703783035278325,-0.007195177078247071,-0.014354393694769107,-0.01599828750142364
1777067885.5433168,-0.0,0.04,0.07,0.0,-0.0,0.04,0.07,-0.010703783035278325,-0.006704387664794922,-0.014485726279709189,-0.01608054856366265
1777067885.5574567,0.04,-0.03,0.03,0.0,0.04,-0.03,0.03,-0.01013818740844727,-0.007128584384918213,-0.014629079141264476,-0.0161813459675028
1777067885.57036,-0.0,0.01,0.07,0.0,-0.0,0.01,0.07,-0.01013818740844727,-0.006999552249908447,-0.014759894337908582,-0.01627166268459461
1777067885.5895123,-0.04,0.01,0.03,0.0,-0.04,0.01,0.03,-0.010904283523559575,-0.006808028221130371,-0.014968737569045635,-0.016402052783889183
1777067885.6024575,-0.0,0.01,-0.01,0.0,-0.0,0.01,-0.01,-0.010904283523559575,-0.006678576469421387,-0.015109895429371255,-0.016488508126178084
1777067885.616696,0.04,0.01,-0.01,0.0,0.04,0.01,-0.01,-0.010334749221801762,-0.006536192893981933,-0.01525704528391828,-0.016581572777578792
1777067885.630436,-0.0,-0.03,-0.01,0.0,-0.0,-0.03,-0.01,-0.010334749221801762,-0.006948394775390625,-0.015399045386355403,-0.01667704415755167
1777067885.6421947,-0.0,0.01,0.07,0.0,-0.0,0.01,0.07,-0.010334749221801762,-0.006830806732177734,-0.015520569680164164,-0.016757366277271892
1777067885.6535368,0.04,0.08,-0.05,0.0,0.04,0.08,-0.05,-0.009881067276000981,-0.005923442840576172,-0.015632641225873278,-0.0168245502541157
1777067885.667707,-0.0,-0.03,-0.01,0.0,-0.0,-0.03,-0.01,-0.009881067276000981,-0.00634854793548584,-0.01577265762727905,-0.016914510256537476
1777067885.6799512,0.04,0.04,0.07,0.0,0.04,0.04,0.07,-0.009391298294067388,-0.005858778953552246,-0.015887646792392053,-0.016986246461623857
1777067885.691463,0.04,0.01,0.03,0.0,0.04,0.01,0.03,-0.008930826187133794,-0.005743660926818848,-0.015990456701168235,-0.017052366352835968
1777067885.7034838,0.04,0.01,-0.05,0.0,0.04,0.01,-0.05,-0.008449993133544926,-0.005623452663421631,-0.01609203260119842,-0.017119964900732604
1777067885.7175994,-0.05,0.04,-0.05,0.0,-0.05,0.04,-0.05,-0.009155771732330327,-0.005058829784393311,-0.016221271556079282,-0.017191373176667062
1777067885.731449,-0.01,0.0,-0.01,0.0,-0.01,0.0,-0.01,-0.009294266700744633,-0.005058829784393311,-0.016349992473394657,-0.017261435423787354
1777067885.7435317,-0.01,0.0,-0.01,0.0,-0.01,0.0,-0.01,-0.009415094852447514,-0.005058829784393311,-0.016463753324307513,-0.017322560329050128
1777067885.757548,-0.01,0.0,-0.01,0.0,-0.01,0.0,-0.01,-0.009555258750915532,-0.005058829784393311,-0.016597683556047408,-0.0173934668594768
1777067885.7714384,-0.01,-0.04,-0.05,0.0,-0.01,-0.04,-0.05,-0.009694161415100102,-0.005614440441131592,-0.016732338040806673,-0.017471452932994676
1777067885.7828453,-0.01,0.0,0.07,0.0,-0.01,0.0,0.07,-0.009808230400085454,-0.005614440441131592,-0.016844219529430694,-0.017535496285232734
1777067885.796522,0.03,0.0,-0.01,0.0,0.03,0.0,-0.01,-0.009397931098937993,-0.005614440441131592,-0.016972751681501568,-0.01761228298487708
1777067885.8097754,0.03,0.0,-0.05,0.0,0.03,0.0,-0.05,-0.009000327587127691,-0.005614440441131592,-0.017092037076704404,-0.01768669369275187
1777067885.822791,-0.01,0.0,0.03,0.0,-0.01,0.0,0.03,-0.009130485057830815,-0.005614440441131592,-0.017210877160846398,-0.017759769829474973
1777067885.8366475,0.03,0.0,-0.05,0.0,0.03,0.0,-0.05,-0.008714792728424077,-0.005614440441131592,-0.017331632910498915,-0.017837565823651286
1777067885.8497806,-0.01,0.0,-0.0,0.0,-0.01,0.0,-0.0,-0.00884612321853638,-0.005614440441131592,-0.017447809480287336,-0.017911300545135303
1777067885.861565,-0.01,0.04,-0.04,0.0,-0.01,0.04,-0.04,-0.008963968753814701,-0.005143058300018311,-0.01755344584988848,-0.01797190919096863
1777067885.8749764,-0.05,-0.08,0.04,0.0,-0.05,-0.08,0.04,-0.009634532928466801,-0.006215960979461671,-0.017682657302315195,-0.01805527320584588
1777067885.8885336,-0.01,0.04,0.07,0.0,-0.01,0.04,0.07,-0.009770104885101322,-0.005673673152923585,-0.017815112525894964,-0.01813219230291054
1777067885.9016976,-0.01,0.04,-0.08,0.0,-0.01,0.04,-0.08,-0.009901745319366459,-0.005147111415863038,-0.017945459531277384,-0.018199949101110065
1777067885.9150343,-0.05,-0.04,-0.04,0.0,-0.05,-0.04,-0.04,-0.010568578243255619,-0.005680577754974366,-0.018086409049903412,-0.01827570902658465
1777067885.9284737,0.03,0.04,-0.08,0.0,0.03,0.04,-0.08,-0.01016539573669434,-0.005143001079559327,-0.01822302604101367,-0.018344827962134786
1777067885.9417756,-0.01,-0.12,0.07,0.0,-0.01,-0.12,0.07,-0.010298414230346683,-0.0067392230033874526,-0.01836001399580653,-0.01843447209136457
1777067885.953642,-0.01,0.0,-0.0,0.0,-0.01,0.0,-0.0,-0.010417077541351322,-0.0067392230033874526,-0.01848362648701141,-0.018514441942882626
1777067885.9681945,-0.01,0.04,-0.08,0.0,-0.01,0.04,-0.08,-0.010562603473663333,-0.006157119274139406,-0.018637339758826105,-0.018604043995155164
1777067885.981956,-0.05,-0.08,0.04,0.0,-0.05,-0.08,0.04,-0.011250679492950442,-0.007258040904998781,-0.018792166214021796,-0.018703925673029854
1777067885.9926083,0.03,0.0,-0.04,0.0,0.03,0.0,-0.04,-0.01093111038208008,-0.007258040904998781,-0.018908607721542698,-0.018781240528985558
1777067886.0064964,-0.01,-0.04,-0.0,0.0,-0.01,-0.04,-0.0,-0.011069991588592532,-0.007813565731048586,-0.019062349100333338,-0.018889756272574793
1777067886.0203962,-0.05,0.0,-0.04,0.0,-0.05,0.0,-0.04,-0.011764981746673587,-0.007813565731048586,-0.019225880030812166,-0.018998363298226757
1777067886.0325067,-0.05,0.0,0.04,0.0,-0.05,0.0,0.04,-0.01237050533294678,-0.007813565731048586,-0.01937569268587652,-0.019092989265087675
1777067886.0474353,-0.08,-0.08,0.07,0.0,-0.08,-0.08,0.07,-0.013564791679382328,-0.009007852077484134,-0.01957819575456313,-0.019227463699423304
1777067886.0611043,0.04,0.0,0.04,0.0,0.04,0.0,0.04,-0.013018031120300297,-0.009007852077484134,-0.019756139403900197,-0.01935059215537364
1777067886.0725265,-0.0,0.0,-0.0,0.0,-0.0,0.0,-0.0,-0.013018031120300297,-0.009007852077484134,-0.01990483340293111,-0.019453481258626077
1777067886.0867095,-0.0,0.04,-0.0,0.0,-0.0,0.04,-0.0,-0.013018031120300297,-0.008440530300140385,-0.020089468716748233,-0.019573193674916063
1777067886.0994906,-0.04,-0.03,0.04,0.0,-0.04,-0.03,0.04,-0.01352927684783936,-0.008823964595794681,-0.02026238834137701,-0.019685974029904962
1777067886.1125746,-0.0,0.08,-0.08,0.0,-0.0,0.08,-0.08,-0.01352927684783936,-0.007777249813079838,-0.02043940451732795,-0.019787731059257675
1777067886.126575,0.04,0.01,-0.04,0.0,0.04,0.01,-0.04,-0.012969260215759282,-0.007637245655059818,-0.02062097955299294,-0.019894655674010546
1777067886.1397514,-0.0,-0.03,0.07,0.0,-0.0,-0.03,0.07,-0.012969260215759282,-0.008032538890838627,-0.02079186824753777,-0.02000049595033317
1777067886.1532156,-0.0,0.01,-0.0,0.0,-0.0,0.01,-0.0,-0.012969260215759282,-0.007897896766662601,-0.020966489121981915,-0.020106834910051812
1777067886.166345,-0.0,-0.03,-0.0,0.0,-0.0,-0.03,-0.0,-0.012969260215759282,-0.008291773796081547,-0.0211367655782334,-0.020215699551098962
1777067886.179875,-0.0,0.08,-0.04,0.0,-0.0,0.08,-0.04,-0.012969260215759282,-0.007209372520446781,-0.021312239875753113,-0.020313242476257185
1777067886.1923587,-0.04,-0.07,0.04,0.0,-0.04,-0.07,0.04,-0.013468613624572759,-0.008083240985870365,-0.021480379828888663,-0.020414152324771066
1777067886.2064788,0.04,-0.03,0.07,0.0,0.04,-0.03,0.07,-0.012903809547424322,-0.008506844043731693,-0.021662582934966968,-0.020534269829760206
1777067886.2220058,0.04,0.04,-0.0,0.0,0.04,0.04,-0.0,-0.012282729148864751,-0.007885763645172123,-0.021853296992846372,-0.020656712160452458
1777067886.231348,-0.04,0.01,-0.0,0.0,-0.04,0.01,-0.0,-0.012656416893005376,-0.0077923417091369665,-0.021971535689787634,-0.020729509725323964
1777067886.244183,-0.04,-0.03,-0.0,0.0,-0.04,-0.03,-0.0,-0.013169817924499517,-0.008177392482757572,-0.022140570642463334,-0.020834466768713467
1777067886.2575164,-0.04,-0.11,0.11,0.0,-0.04,-0.11,0.11,-0.013703150749206548,-0.009644057750701908,-0.02232327914487485,-0.020963054082758958
1777067886.2714643,0.04,0.04,-0.0,0.0,0.04,0.04,-0.0,-0.013145232200622563,-0.009086139202117923,-0.02250662836662912,-0.0210897872226559
1777067886.2826211,-0.0,-0.07,0.07,0.0,-0.0,-0.07,0.07,-0.013145232200622563,-0.009867115020751957,-0.022653287059186487,-0.021199872625954297
1777067886.2973783,-0.04,0.01,-0.04,0.0,-0.04,0.01,-0.04,-0.013735518455505377,-0.009719543457031254,-0.022855984252885837,-0.02134330544861484
1777067886.309584,-0.0,-0.03,-0.04,0.0,-0.0,-0.03,-0.04,-0.013735518455505377,-0.010085711479187015,-0.02302363450709038,-0.02146640761609376
1777067886.322373,-0.0,0.08,-0.04,0.0,-0.0,0.08,-0.04,-0.013735518455505377,-0.009062590599060063,-0.02319929820373034,-0.021582309186968015
1777067886.3365655,-0.0,0.08,0.04,0.0,-0.0,0.08,0.04,-0.013735518455505377,-0.007927184104919438,-0.023394240664414954,-0.021694816390880188
1777067886.3500435,-0.0,0.04,0.07,0.0,-0.0,0.04,0.07,-0.013735518455505377,-0.0073880624771118205,-0.023579368541127795,-0.02179439299760531
1777067886.3622897,0.04,0.08,-0.08,0.0,0.04,0.08,-0.08,-0.013245673179626471,-0.006408371925354008,-0.023741576801949694,-0.02187287076544805
1777067886.3766544,-0.0,0.01,-0.04,0.0,-0.0,0.01,-0.04,-0.013245673179626471,-0.006264724731445317,-0.02393184718031819,-0.0219628617782763
1777067886.389717,-0.0,0.04,0.04,0.0,-0.0,0.04,0.04,-0.013245673179626471,-0.005742216110229496,-0.02410487164107224,-0.022037870713838285
1777067886.4015174,-0.0,-0.04,0.04,0.0,-0.0,-0.04,0.04,-0.013245673179626471,-0.006214227676391606,-0.024261174414631916,-0.022111200397288824
1777067886.4157257,-0.0,0.0,0.04,0.0,-0.0,0.0,0.04,-0.013245673179626471,-0.006214227676391606,-0.024449373135436766,-0.022199494112800835
1777067886.428557,-0.0,0.07,-0.08,0.0,-0.0,0.07,-0.08,-0.013245673179626471,-0.005316042900085454,-0.02461933116403487,-0.022267705381415794
1777067886.4420245,-0.04,-0.08,0.07,0.0,-0.04,-0.08,0.07,-0.01378437519073487,-0.006393446922302251,-0.02480497292996291,-0.022353809449289767
1777067886.4555714,-0.04,0.0,-0.0,0.0,-0.04,0.0,-0.0,-0.014326252937316902,-0.006393446922302251,-0.024999049871428848,-0.022440421114568492
1777067886.4687157,-0.0,-0.04,-0.0,0.0,-0.0,-0.04,-0.0,-0.014326252937316902,-0.006919217109680181,-0.025187357788710767,-0.02253136906647512
1777067886.4810922,-0.0,0.04,-0.01,0.0,-0.0,0.04,-0.01,-0.014326252937316902,-0.006424155235290533,-0.025364667329513976,-0.022610877924778946
1777067886.4935842,-0.0,-0.04,-0.01,0.0,-0.0,-0.04,-0.01,-0.014326252937316902,-0.006923832893371587,-0.02554363004243386,-0.02269737003990656
1777067886.5075607,-0.0,-0.16,0.07,0.0,-0.0,-0.16,0.07,-0.014326252937316902,-0.009160084724426275,-0.025743861975954033,-0.02282539664139165
1777067886.520435,0.04,0.04,0.03,0.0,0.04,0.04,0.03,-0.013811278343200692,-0.008645110130310064,-0.025921673412429427,-0.02293669694340281
1777067886.5339608,-0.0,0.0,0.07,0.0,-0.0,0.0,0.07,-0.013811278343200692,-0.008645110130310064,-0.02610848095706332,-0.02305362832052822
1777067886.5475304,-0.04,-0.04,0.11,0.0,-0.04,-0.04,0.11,-0.014354062080383308,-0.009187893867492681,-0.026303259743556864,-0.023178304304784094
1777067886.5604663,-0.0,0.0,-0.05,0.0,-0.0,0.0,-0.05,-0.014354062080383308,-0.009187893867492681,-0.02648894212287304,-0.023297157768330978
1777067886.5724802,-0.0,0.0,-0.05,0.0,-0.0,0.0,-0.05,-0.014354062080383308,-0.009187893867492681,-0.02666139056443343,-0.023407540318566476
1777067886.5867455,-0.0,0.04,-0.01,0.0,-0.0,0.04,-0.01,-0.014354062080383308,-0.00861728191375733,-0.026866155549626583,-0.02353046842028391
1777067886.5995762,-0.0,0.0,-0.01,0.0,-0.0,0.0,-0.01,-0.014354062080383308,-0.00861728191375733,-0.027050328705630036,-0.023641034474501908
1777067886.6115808,-0.0,0.04,-0.09,0.0,-0.0,0.04,-0.09,-0.014354062080383308,-0.008137097358703618,-0.02722264367846209,-0.023738717186367355
1777067886.625661,-0.04,-0.04,0.03,0.0,-0.04,-0.04,0.03,-0.014917263984680183,-0.008700299263000493,-0.027432679465538866,-0.02386121781418922
1777067886.6422713,-0.0,0.04,-0.01,0.0,-0.0,0.04,-0.01,-0.014917263984680183,-0.008035883903503422,-0.027680460948366216,-0.023994696931504793
1777067886.6541753,-0.0,-0.11,0.07,0.0,-0.0,-0.11,0.07,-0.014917263984680183,-0.009345324039459233,-0.027858036077277017,-0.02410594368042098
1777067886.6654584,-0.0,0.01,-0.04,0.0,-0.0,0.01,-0.04,-0.014917263984680183,-0.009232492446899419,-0.02802634994247968,-0.024210115363028993
1777067886.6786523,0.04,0.08,-0.08,0.0,0.04,0.08,-0.08,-0.014389510154724129,-0.008176984786987309,-0.028216202919863362,-0.024318001238999618
1777067886.691721,-0.04,-0.07,0.07,0.0,-0.04,-0.07,0.07,-0.01491225719451905,-0.009091792106628423,-0.028411086377490746,-0.024436818924253888
1777067886.705673,-0.0,0.01,-0.0,0.0,-0.0,0.01,-0.0,-0.01491225719451905,-0.008952271938323979,-0.02861914244084859,-0.0245617211730081
1777067886.7194898,-0.04,-0.03,-0.0,0.0,-0.04,-0.03,-0.0,-0.0154649305343628,-0.00936677694320679,-0.028832818811070537,-0.024691140370427436
1777067886.731531,-0.0,0.01,0.04,0.0,-0.0,0.01,0.04,-0.0154649305343628,-0.009246366024017337,-0.029019033461154902,-0.024802476713638843
1777067886.7457426,-0.0,0.01,-0.08,0.0,-0.0,0.01,-0.08,-0.0154649305343628,-0.009104249477386478,-0.02923881571329788,-0.02493186316317804
1777067886.7586298,-0.08,-0.07,0.04,0.0,-0.08,-0.07,0.04,-0.01649590969085694,-0.01000635623931885,-0.02945140245153142,-0.025060817472117948
1777067886.7711878,-0.0,0.04,-0.0,0.0,-0.0,0.04,-0.0,-0.01649590969085694,-0.009504036903381351,-0.029658557811571326,-0.025180169009768747
1777067886.7835836,0.04,-0.07,0.04,0.0,0.04,-0.07,0.04,-0.016000075340271,-0.010371747016906742,-0.02985689248571306,-0.025308735720932986
1777067886.796707,-0.0,0.04,-0.0,0.0,-0.0,0.04,-0.0,-0.016000075340271,-0.00984681606292725,-0.030066865856015864,-0.02543795818467231
1777067886.8100832,-0.04,0.01,-0.0,0.0,-0.04,0.01,-0.0,-0.016535124778747565,-0.009713053703308109,-0.030288043586716083,-0.0255678822829185
1777067886.8218603,-0.0,-0.03,0.04,0.0,-0.0,-0.03,0.04,-0.016535124778747565,-0.010066368579864506,-0.03048278043905101,-0.025686435541990703
1777067886.8356316,0.04,0.04,-0.0,0.0,0.04,0.04,-0.0,-0.01598427295684815,-0.009515516757965092,-0.030702904586051443,-0.02581747653555169
1777067886.8476892,0.04,0.04,-0.0,0.0,0.04,0.04,-0.0,-0.015501971244812018,-0.00903321504592896,-0.030889820267834135,-0.025926394912597742
1777067886.860627,0.04,0.01,-0.0,0.0,0.04,0.01,-0.0,-0.014984459877014166,-0.008903837203979496,-0.031083685976000777,-0.026041590836849763
1777067886.8725567,-0.04,0.01,-0.0,0.0,-0.04,0.01,-0.0,-0.015461649894714363,-0.008784539699554447,-0.0312681396006741,-0.026146388203217723
1777067886.886734,-0.0,0.01,0.04,0.0,-0.0,0.01,0.04,-0.015461649894714363,-0.008642766475677494,-0.031487344395877144,-0.02626891948986497
1777067886.8994598,-0.04,-0.07,0.07,0.0,-0.04,-0.07,0.07,-0.01597068309783936,-0.009533574581146243,-0.03169058459521183,-0.02639024214002177
1777067886.912053,0.04,0.08,-0.04,0.0,0.04,0.08,-0.04,-0.015466952323913579,-0.008526113033294681,-0.031885364091821786,-0.026497613777942776
1777067886.9255917,-0.0,-0.03,-0.0,0.0,-0.0,-0.03,-0.0,-0.015466952323913579,-0.008932271003723149,-0.03209476495730827,-0.026618544213349082
1777067886.9387226,-0.04,0.01,0.04,0.0,-0.04,0.01,0.04,-0.01599218845367432,-0.008800961971282963,-0.03230475683655358,-0.026734108793448286
1777067886.9510045,-0.04,0.01,-0.04,0.0,-0.04,0.01,-0.04,-0.016483464241027836,-0.008678143024444585,-0.03250720500838669,-0.026840692832125798
1777067886.9645448,-0.0,-0.11,0.07,0.0,-0.0,-0.11,0.07,-0.016483464241027836,-0.010167572498321537,-0.03273039553086109,-0.026978364488096533
1777067886.9776385,0.04,0.04,0.03,0.0,0.04,0.04,0.03,-0.01595971584320069,-0.009643824100494388,-0.03293936742092741,-0.02710463792363555
1777067886.989658,0.04,0.01,-0.05,0.0,0.04,0.01,-0.05,-0.015478930473327643,-0.009523627758026126,-0.03312541850374886,-0.027219108445989945
1777067887.0031362,-0.04,0.01,0.03,0.0,-0.04,0.01,0.03,-0.01601805210113526,-0.009388847351074222,-0.03334131046182564,-0.027345651712668655
1777067887.0174122,-0.0,-0.03,0.03,0.0,-0.0,-0.03,0.03,-0.01601805210113526,-0.009817128181457522,-0.03356998461699221,-0.027485801306319786
1777067887.0284934,-0.0,0.01,-0.05,0.0,-0.0,0.01,-0.05,-0.01601805210113526,-0.009706315994262698,-0.033747484155784956,-0.02759335911681262
1777067887.0405784,-0.04,0.08,-0.01,0.0,-0.04,0.08,-0.01,-0.016501450538635262,-0.008739519119262698,-0.033946903540956454,-0.027698975863981443
1777067887.0555286,-0.0,-0.07,-0.01,0.0,-0.0,-0.07,-0.01,-0.016501450538635262,-0.009786038398742678,-0.03419360477135741,-0.02784527983332452
1777067887.0702145,-0.0,0.01,0.03,0.0,-0.0,0.01,0.03,-0.016501450538635262,-0.009639179706573488,-0.03443594291585726,-0.027986839565853638
1777067887.0816915,-0.04,-0.07,0.03,0.0,-0.04,-0.07,0.03,-0.016960530281066904,-0.01044256925582886,-0.03463059881268067,-0.0281066888659609
1777067887.09623,0.04,-0.02,0.03,0.0,0.04,-0.02,0.03,-0.016378989219665536,-0.010733339786529544,-0.034868725182067815,-0.0282627358112569
1777067887.1087744,0.04,0.02,0.03,0.0,0.04,0.02,0.03,-0.015877213478088386,-0.01048245191574097,-0.03506789519624648,-0.02839423181334609
1777067887.1208649,0.04,0.04,0.03,0.0,0.04,0.04,0.03,-0.015393595695495612,-0.009998834133148195,-0.03525401061165611,-0.028515122163145744
1777067887.1327004,-0.0,-0.03,-0.05,0.0,-0.0,-0.03,-0.05,-0.015393595695495612,-0.010353901386260989,-0.03543620266962706,-0.028637666540619756
1777067887.1466155,-0.04,-0.06,-0.01,0.0,-0.04,-0.06,-0.01,-0.015950198173522955,-0.011188805103302004,-0.03565815066533731,-0.02879335945678633
1777067887.1607783,-0.0,0.02,0.07,0.0,-0.0,0.02,0.07,-0.015950198173522955,-0.010905549526214602,-0.03588404979475229,-0.028947812343011487
1777067887.1726575,0.04,0.02,-0.09,0.0,0.04,0.02,-0.09,-0.015475029945373541,-0.010667965412139895,-0.03606788085874485,-0.02907453929858263
1777067887.1867542,-0.04,0.05,-0.01,0.0,-0.04,0.05,-0.01,-0.0160388994216919,-0.009963128566741945,-0.03629397700418566,-0.029214986900768163
1777067887.1988838,-0.04,-0.02,-0.05,0.0,-0.04,-0.02,-0.05,-0.01652408123016358,-0.010205719470977785,-0.03649440659455025,-0.029338777636510254
1777067887.210613,-0.0,0.01,0.03,0.0,-0.0,0.01,0.03,-0.01652408123016358,-0.01008842706680298,-0.03668822151597682,-0.029457107223011005
1777067887.2247138,0.04,0.01,0.07,0.0,0.04,0.01,0.07,-0.01596004962921143,-0.009947419166564943,-0.036913270824567815,-0.029597373691957498
1777067887.23814,0.04,0.01,-0.05,0.0,0.04,0.01,-0.05,-0.015422997474670415,-0.00981315612792969,-0.037120344675149124,-0.029729128107991297
1777067887.249715,-0.0,0.01,0.03,0.0,-0.0,0.01,0.03,-0.015422997474670415,-0.009697406291961672,-0.03729886561793195,-0.029841375426752276
1777067887.262852,0.04,0.01,-0.05,0.0,0.04,0.01,-0.05,-0.014897522926330571,-0.009566037654876711,-0.03749457234620935,-0.029967043159654733
1777067887.2756455,0.03,0.04,-0.01,0.0,0.03,0.04,-0.01,-0.014513716697692875,-0.009054296016693117,-0.0376802541751846,-0.030082879666559276
1777067887.289446,-0.01,0.04,-0.05,0.0,-0.01,0.04,-0.05,-0.014651722908020023,-0.008502271175384523,-0.03788245705051453,-0.030200216288968133
1777067887.3006475,-0.01,0.01,0.03,0.0,-0.01,0.01,0.03,-0.014763736724853519,-0.008390257358551027,-0.0380478313006421,-0.030294198764062797
1777067887.3147228,-0.09,0.0,0.07,0.0,-0.09,0.0,0.07,-0.016030511856079104,-0.008390257358551027,-0.03827346523130985,-0.030412293979244963
1777067887.3280358,-0.01,0.04,-0.08,0.0,-0.01,0.04,-0.08,-0.016163642406463626,-0.007857735157012942,-0.03848865269228896,-0.030516904439867855
1777067887.3405547,-0.01,0.0,-0.04,0.0,-0.01,0.0,-0.04,-0.016288831233978274,-0.007857735157012942,-0.03869257066066553,-0.030615274504990565
1777067887.353551,0.03,0.04,0.04,0.0,0.03,0.04,0.04,-0.01589894533157349,-0.007337887287139895,-0.03889919648226169,-0.03071063913188027
1777067887.3677669,-0.01,0.04,-0.0,0.0,-0.01,0.04,-0.0,-0.016041104793548585,-0.006769249439239504,-0.0391272359649554,-0.03080687041770602
1777067887.3809297,-0.01,0.0,0.04,0.0,-0.01,0.0,0.04,-0.016172733306884766,-0.006769249439239504,-0.039340115249132175,-0.030895973041714906
1777067887.394596,0.03,0.04,-0.12,0.0,0.03,0.04,-0.12,-0.015762741565704345,-0.006222593784332277,-0.03955553504447551,-0.0309810134437248
1777067887.407653,0.03,0.04,-0.0,0.0,0.03,0.04,-0.0,-0.015371031761169433,-0.005700314044952395,-0.03975623450603109,-0.031055442407069332
1777067887.4208815,0.03,0.0,-0.0,0.0,0.03,0.0,-0.0,-0.014974179267883301,-0.005700314044952395,-0.03995431918527686,-0.03113084853511111
1777067887.4651282,-0.05,-0.05,0.04,0.0,-0.05,-0.05,0.04,-0.01718651294708252,-0.007912647724151614,-0.04071476521369334,-0.0314809568761467
1777067887.512927,-0.05,0.03,-0.04,0.0,-0.05,0.03,-0.04,-0.01957645654678345,-0.006478681564331058,-0.04165049775426951,-0.03179063054693017
1777067887.7400002,-0.01,-0.05,0.04,0.0,-0.01,-0.05,0.04,-0.021847188472747806,-0.017832341194152834,-0.0466114085900324,-0.035839877193355386
1777067888.0077858,-0.01,0.03,0.0,0.0,-0.01,0.03,0.0,-0.02452504396438599,-0.009798774719238283,-0.05317886095630229,-0.03846384746267915
1777067888.3418767,-0.01,-0.05,0.0,0.0,-0.01,-0.05,0.0,-0.027865953445434577,-0.026503322124481202,-0.06248862376273337,-0.047318367479175547
1777067888.3998375,-0.01,-0.09,0.08,0.0,-0.01,-0.09,0.08,-0.02844556093215943,-0.03171978950500488,-0.06413734977077012,-0.04915687022661927
1777067888.748567,-0.05,-0.05,0.0,0.0,-0.05,-0.05,0.0,-0.045882041454315195,-0.04915627002716065,-0.08013777621346832,-0.06629911712402758
1777067889.1228876,-0.01,-0.05,0.0,0.0,-0.01,-0.05,0.0,-0.049625246524810804,-0.06787229537963868,-0.09871352365509495,-0.09170510914515148
1777067889.441444,-0.01,0.07,-0.04,0.0,-0.01,0.07,-0.04,-0.05281080961227418,-0.045573353767395026,-0.11553674022708663,-0.10622278849848385
1777067889.723402,-0.01,-0.09,0.04,0.0,-0.01,-0.09,0.04,-0.0556303906440735,-0.07094958305358887,-0.1312221796522482,-0.1262275983576808
1777067890.0306675,-0.01,-0.08,0.07,0.0,-0.01,-0.08,0.07,-0.05870304584503175,-0.09553082466125488,-0.14925960156503093,-0.15558092688240435
1777067890.2875369,-0.01,0.07,-0.04,0.0,-0.01,0.07,-0.04,-0.06127173900604249,-0.0775499725341797,-0.16499843125983657,-0.17550113529091618
1777067890.5401378,0.03,0.0,-0.04,0.0,0.03,0.0,-0.04,-0.053693711757659926,-0.0775499725341797,-0.17856151161871478,-0.19509032879009397
1777067890.781951,-0.01,0.04,0.04,0.0,-0.01,0.04,0.04,-0.05611184358596803,-0.06787744522094727,-0.1921300951107423,-0.2115039898613952
1777067891.028581,-0.05,-0.04,-0.0,0.0,-0.05,-0.04,-0.0,-0.068443341255188,-0.07774264335632325,-0.20901027317398185,-0.2306776543683452
1777067891.0924895,-0.01,-0.04,0.04,0.0,-0.01,-0.04,0.04,-0.06908242702484133,-0.08029898643493653,-0.21342523277845085,-0.2358094483231605
1777067891.156047,0.03,0.07,-0.04,0.0,0.03,0.07,-0.04,-0.06717569828033448,-0.07584995269775392,-0.21769476060656526,-0.24063029115910353
1777067891.4181926,0.03,-0.04,-0.04,0.0,0.03,-0.04,-0.04,-0.05931133270263673,-0.0863357734680176,-0.23324296071569844,-0.2632628273252965
1777067891.8253353,0.03,0.04,0.04,0.0,0.03,0.04,0.04,-0.04709705352783204,-0.07005006790161135,-0.2524181793856871,-0.2917831968441067
1777067892.1758697,-0.01,-0.08,0.04,0.0,-0.01,-0.08,0.04,-0.050602397918701185,-0.09809282302856448,-0.2701560625565719,-0.32616810954287645
1777067892.4601245,-0.01,0.0,-0.04,0.0,-0.01,0.0,-0.04,-0.05344494581222536,-0.09809282302856448,-0.2853480443703773,-0.35405146428984496
1777067892.7587435,0.03,0.07,-0.04,0.0,0.03,0.07,-0.04,-0.04448637485504152,-0.07718949079513553,-0.2986325225626029,-0.37710171530441533
1777067892.9600592,-0.09,-0.07,-0.04,0.0,-0.09,-0.07,-0.04,-0.06260478258132936,-0.09128158569335941,-0.311235844522871,-0.39547812627657497
1777067893.1381288,-0.01,-0.03,-0.04,0.0,-0.01,-0.03,-0.04,-0.06438547849655153,-0.09662367343902592,-0.32270094037871444,-0.41268386433723836
1777067893.2470698,-0.05,0.01,0.04,0.0,-0.05,0.01,0.04,-0.0698325324058533,-0.09553426265716557,-0.3303085717514693,-0.42309146991481783
1777067893.5777442,-0.0,0.04,-0.0,0.0,-0.0,0.04,-0.0,-0.0698325324058533,-0.08230728626251224,-0.3534004031942464,-0.45030838322737343
1777067893.9394028,-0.0,0.01,0.04,0.0,-0.0,0.01,0.04,-0.0698325324058533,-0.0786907005310059,-0.37865593722364277,-0.4787675497016409
1777067894.243863,-0.0,-0.07,0.04,0.0,-0.0,-0.07,0.04,-0.0698325324058533,-0.10000292062759403,-0.399917170088438,-0.5092144676261683
1777067894.367951,-0.0,0.01,-0.04,0.0,-0.0,0.01,-0.04,-0.0698325324058533,-0.09876204252243045,-0.40858253613749296,-0.5214696332449
1777067894.480203,-0.04,0.01,0.07,0.0,-0.04,0.01,0.07,-0.07432261228561404,-0.09763952255249027,-0.4169253977883653,-0.5324298646369596
1777067894.6602995,-0.0,0.01,-0.04,0.0,-0.0,0.01,-0.04,-0.07432261228561404,-0.09583855628967289,-0.4303106495174501,-0.5496900652924421
1777067894.9579458,-0.0,0.01,0.04,0.0,-0.0,0.01,0.04,-0.07432261228561404,-0.09286209344863895,-0.4524324988891203,-0.5773301223414916
1777067895.2397022,-0.04,0.04,-0.0,0.0,-0.04,0.04,-0.0,-0.08559286832809451,-0.08159183740615848,-0.4765488374258188,-0.6003191448050876
1777067895.5502253,-0.04,-0.11,0.04,0.0,-0.04,-0.11,0.04,-0.0980137896537781,-0.11574937105178837,-0.5069843766788608,-0.6362619905883782
1777067896.054226,-0.0,0.01,0.04,0.0,-0.0,0.01,0.04,-0.0980137896537781,-0.11070936441421513,-0.5563833917217357,-0.692059583737294
1777067896.4259684,-0.0,0.04,-0.12,0.0,-0.0,0.04,-0.12,-0.0980137896537781,-0.09583966493606572,-0.5928192816433915,-0.7276872591294398
1777067896.8618,-0.04,-0.03,0.04,0.0,-0.04,-0.03,0.04,-0.115447051525116,-0.10891461133956913,-0.6431347486811712,-0.7751556826568822
1777067896.862114,-0.0,0.04,0.04,0.0,-0.0,0.04,0.04,-0.115447051525116,-0.10890205144882206,-0.6431709987400268,-0.7751898776035904
1777067896.862357,-0.0,-0.07,-0.0,0.0,-0.0,-0.07,-0.0,-0.115447051525116,-0.10891905784606938,-0.6431990464317306,-0.7752163393288123
1777067896.8625665,0.04,0.04,0.04,0.0,0.04,0.04,0.04,-0.1154386687278748,-0.10891067504882818,-0.6432232389055742,-0.7752391637314707
1777067896.862783,-0.0,0.01,0.04,0.0,-0.0,0.01,0.04,-0.1154386687278748,-0.10890851020812993,-0.6432482295383956,-0.775262740688999
1777067896.8630085,-0.04,-0.07,0.04,0.0,-0.04,-0.07,0.04,-0.115447690486908,-0.10892429828643803,-0.6432742680695084,-0.775287307908299
1777067896.863311,0.04,0.01,-0.0,0.0,0.04,0.01,-0.0,-0.11543558835983281,-0.10892127275466923,-0.6433091934734917,-0.7753202623854007
1777067896.8635275,-0.0,0.01,0.04,0.0,-0.0,0.01,0.04,-0.11543558835983281,-0.10891910791397098,-0.6433341834394624,-0.7753438416371636
1777067896.8637376,-0.0,0.04,0.04,0.0,-0.0,0.04,0.04,-0.11543558835983281,-0.10891070604324345,-0.6433584303117312,-0.7753667179789892
1777067896.8639567,-0.04,-0.03,0.04,0.0,-0.04,-0.03,0.04,-0.11544435262680058,-0.10891727924346928,-0.6433837249398898,-0.7753905824818065
1777067896.8641748,-0.0,0.08,-0.04,0.0,-0.0,0.08,-0.04,-0.11544435262680058,-0.10889982700347904,-0.6434089094717343,-0.7754143393057534
1777067896.864408,-0.0,0.04,-0.0,0.0,-0.0,0.04,-0.0,-0.11544435262680058,-0.10889050006866459,-0.6434358280205256,-0.7754397296706548
1777067896.86462,-0.0,0.01,0.04,0.0,-0.0,0.01,0.04,-0.11544435262680058,-0.10888838052749637,-0.6434602969263286,-0.7754628090111816
1777067896.864838,0.04,-0.03,-0.01,0.0,0.04,-0.03,-0.01,-0.11543563604354863,-0.10889491796493533,-0.6434854520346239,-0.7754865388016355
1777067896.865056,-0.0,0.01,-0.01,0.0,-0.0,0.01,-0.01,-0.11543563604354863,-0.10889273643493655,-0.6435106346649196,-0.7755102940787537
1777067896.8652756,-0.0,0.04,-0.08,0.0,-0.0,0.04,-0.08,-0.11543563604354863,-0.10888395309448244,-0.6435359824272173,-0.7755342031995042
1777067896.8655083,-0.04,-0.07,0.07,0.0,-0.04,-0.07,0.07,-0.11544494390487675,-0.10890024185180666,-0.6435628460654398,-0.7755595439082481
1777067896.8657298,-0.0,-0.07,0.04,0.0,-0.0,-0.07,0.04,-0.11544494390487675,-0.10891574621200564,-0.6435884160653462,-0.7755836677505425
1777067896.8659656,-0.0,0.01,-0.08,0.0,-0.0,0.01,-0.08,-0.11544494390487675,-0.10891338825225833,-0.6436156375184221,-0.7756093490890867
1777067896.8661811,-0.04,0.04,0.07,0.0,-0.04,0.04,0.07,-0.11545356512069706,-0.10890476703643802,-0.6436405212709754,-0.7756328213765988
1777067896.866401,-0.0,0.04,-0.04,0.0,-0.0,0.04,-0.04,-0.11545356512069706,-0.10889597415924075,-0.6436659004964776,-0.7756567590998003
1777067896.8666213,-0.04,-0.07,0.04,0.0,-0.04,-0.07,0.04,-0.11546237707138066,-0.10891139507293704,-0.6436913367157917,-0.7756807521458569
1777067896.8668396,-0.0,0.04,-0.0,0.0,-0.0,0.04,-0.0,-0.11546237707138066,-0.10890265941619875,-0.6437165527080988,-0.7757045355521205
1777067896.8670528,0.04,0.04,-0.04,0.0,0.04,0.04,-0.04,-0.11545385122299198,-0.10889413356781008,-0.6437411612588841,-0.7757277459239509
1777067896.867273,-0.0,0.01,-0.0,0.0,-0.0,0.01,-0.0,-0.11545385122299198,-0.10889193058013918,-0.6437665955999643,-0.7757517346820038
1777067896.8674908,-0.0,0.01,-0.0,0.0,-0.0,0.01,-0.0,-0.11545385122299198,-0.10888975381851199,-0.6437917271512698,-0.7757754373857745
1777067896.8677075,-0.0,0.08,-0.0,0.0,-0.0,0.08,-0.0,-0.11545385122299198,-0.10887241601943973,-0.6438167485972025,-0.7757990324866927
1777067896.868003,0.04,0.04,-0.0,0.0,0.04,0.04,-0.0,-0.11544203519821171,-0.10886059999465945,-0.6438508502459172,-0.775831189975371
1777067896.86825,0.04,-0.04,-0.0,0.0,0.04,-0.04,-0.0,-0.11543215513229374,-0.10887048006057742,-0.6438793621784612,-0.775858081163359
1777067896.868476,-0.0,0.0,-0.08,0.0,-0.0,0.0,-0.08,-0.11543215513229374,-0.10887048006057742,-0.6439054522480092,-0.7758826881577727
1777067896.8687072,-0.0,-0.04,-0.04,0.0,-0.0,-0.04,-0.04,-0.11543215513229374,-0.10887973070144656,-0.6439321477833062,-0.775907868339939
1777067896.8689277,-0.0,0.07,-0.04,0.0,-0.0,0.07,-0.04,-0.11543215513229374,-0.10886429309844974,-0.6439576048659348,-0.7759318769647587
1777067896.8691468,-0.04,-0.08,0.04,0.0,-0.04,-0.08,0.04,-0.11544091939926152,-0.10888182163238529,-0.6439828987418503,-0.7759557336985768
1777067896.8693771,-0.0,-0.04,-0.0,0.0,-0.0,-0.04,-0.0,-0.11544091939926152,-0.10889103412628177,-0.6440094862109846,-0.7759808126482586
1777067896.8695855,0.04,0.11,-0.08,0.0,0.04,0.11,-0.08,-0.11543258428573612,-0.10886811256408695,-0.6440335398033484,-0.7760034983501964
1777067896.869805,-0.04,-0.12,0.04,0.0,-0.04,-0.12,0.04,-0.11544136762619023,-0.10889446258544926,-0.6440588888242071,-0.7760274097786578
1777067896.870036,-0.0,0.04,-0.08,0.0,-0.0,0.04,-0.08,-0.11544136762619023,-0.10888523101806645,-0.6440855314433073,-0.7760525393123362
1777067896.870268,0.04,-0.04,-0.0,0.0,0.04,-0.04,-0.0,-0.11543207883834843,-0.10889451980590825,-0.6441123370455689,-0.7760778267646264
1777067896.8704822,0.04,0.04,-0.0,0.0,0.04,0.04,-0.0,-0.1154235148429871,-0.10888595581054693,-0.6441370492067116,-0.7761011392351383
1777067896.870714,-0.0,-0.04,-0.0,0.0,-0.0,-0.04,-0.0,-0.1154235148429871,-0.1088952255249024,-0.644163797782024,-0.7761263749260207
1777067896.8709328,-0.04,-0.08,0.0,0.0,-0.04,-0.08,0.0,-0.1154322695732117,-0.10891273498535162,-0.6441890622415072,-0.7761502124663412
1777067896.8711426,-0.0,0.0,0.0,0.0,-0.0,0.0,0.0,-0.1154322695732117,-0.10891273498535162,-0.644213280895478,-0.7761730632675199
1777067896.8713615,-0.0,0.0,-0.04,0.0,-0.0,0.0,-0.04,-0.1154322695732117,-0.10891273498535162,-0.6442385453549612,-0.7761969008078404
1777067896.8715715,-0.04,0.0,0.04,0.0,-0.04,0.0,0.04,-0.11544067144393924,-0.10891273498535162,-0.6442627932949154,-0.7762197775758387
1777067896.87179,-0.0,0.0,-0.04,0.0,-0.0,0.0,-0.04,-0.11544067144393924,-0.10891273498535162,-0.6442880045468997,-0.7762435631825202
1777067896.872001,-0.0,0.04,0.04,0.0,-0.0,0.04,0.04,-0.11544067144393924,-0.10890429496765142,-0.6443123625796574,-0.776266542036949
1777067896.8722205,-0.0,-0.12,0.04,0.0,-0.0,-0.12,0.04,-0.11544067144393924,-0.10893064498901373,-0.644337711447646,-0.7762904614104695
1777067896.872438,-0.0,0.0,-0.04,0.0,-0.0,0.0,-0.04,-0.11544067144393924,-0.10893064498901373,-0.6443628126068268,-0.7763141470441838
1777067896.872649,0.04,0.04,-0.07,0.0,0.04,0.04,-0.07,-0.11543223142623904,-0.10892220497131352,-0.644387168858737,-0.7763371296776314
1777067896.872868,-0.0,-0.07,0.04,0.0,-0.0,-0.07,0.04,-0.11543223142623904,-0.10893754243850713,-0.6444124608310596,-0.77636099862025
1777067896.8730817,-0.01,0.01,0.0,0.0,-0.01,0.01,0.0,-0.1154343676567078,-0.10893540620803838,-0.6444371202723925,-0.7763842697336367
1777067896.8733082,-0.01,-0.07,0.0,0.0,-0.01,-0.07,0.0,-0.11543663263320926,-0.10895126104354863,-0.6444632663984248,-0.7764089469382436
1777067896.873517,-0.01,0.04,0.04,0.0,-0.01,0.04,0.04,-0.11543872117996219,-0.10894290685653692,-0.644487376315053,-0.7764317001736806
1777067896.873726,-0.01,0.01,0.0,0.0,-0.01,0.01,0.0,-0.11544080972671512,-0.10894081830978398,-0.644511486667884,-0.7764544529729148
1777067896.8739498,-0.05,-0.03,0.0,0.0,-0.05,-0.03,0.0,-0.11545200347900395,-0.10894753456115727,-0.6445373334904478,-0.7764788436072019
1777067896.8741574,-0.01,0.01,0.0,0.0,-0.01,0.01,0.0,-0.11545408010482792,-0.10894545793533329,-0.6445613089828708,-0.7765014675023372
1777067896.87435,0.03,0.01,0.04,0.0,0.03,0.01,0.04,-0.1154483008384705,-0.10894353151321415,-0.644583549198906,-0.7765224546252216
1777067896.8770864,-0.01,0.01,0.04,0.0,-0.01,0.01,0.04,-0.115475664138794,-0.10891616821289066,-0.6448995287266944,-0.7768204852073108
1777067896.878981,-0.01,0.01,-0.04,0.0,-0.01,0.01,-0.04,-0.11549461126327519,-0.10889722108840946,-0.6451183578043458,-0.7770268141276727
1777067896.8792212,-0.01,0.01,0.11,0.0,-0.01,0.01,0.11,-0.11549701213836674,-0.10889482021331791,-0.645146087194305,-0.7770529584138176
1777067896.879449,-0.05,-0.07,0.07,0.0,-0.05,-0.07,0.07,-0.11550839662551884,-0.10891075849533084,-0.6451723872714519,-0.7770777562764339
1777067896.8796625,0.03,0.01,-0.0,0.0,0.03,0.01,-0.0,-0.1155019879341126,-0.10890862226486209,-0.6451970611580344,-0.7771010216681531
1777067896.8798914,-0.01,-0.03,-0.0,0.0,-0.01,-0.03,-0.0,-0.11550427675247196,-0.10891548871994021,-0.6452234979889562,-0.7771259504451733
1777067896.880103,-0.01,0.04,0.04,0.0,-0.01,0.04,0.04,-0.11550639390945439,-0.10890702009201052,-0.6452479525057941,-0.7771490077709755
1777067896.880324,-0.05,-0.03,0.04,0.0,-0.05,-0.03,0.04,-0.11551743268966679,-0.10891364336013797,-0.6452734559367974,-0.7771730532463992
1777067896.880543,-0.05,-0.07,0.07,0.0,-0.05,-0.07,0.07,-0.1155283880233765,-0.10892898082733157,-0.6452987689776722,-0.7771969203131116
1777067896.880762,-0.01,0.01,-0.05,0.0,-0.01,0.01,-0.05,-0.11553057909011845,-0.10892678976058963,-0.6453240824986244,-0.7772207868997467
1777067896.88099,-0.01,-0.03,-0.01,0.0,-0.01,-0.03,-0.01,-0.11553285837173466,-0.10893362760543826,-0.6453504156906399,-0.7772456159412255
1777067896.8812091,-0.01,0.04,-0.01,0.0,-0.01,0.04,-0.01,-0.1155350494384766,-0.10892486333847048,-0.6453757301910752,-0.7772694821057687
1777067896.8814285,-0.04,0.01,-0.05,0.0,-0.04,0.01,-0.05,-0.11554382324218754,-0.10892266988754275,-0.6454010741617037,-0.7772933737589004
1777067896.8816466,-0.04,0.04,-0.09,0.0,-0.04,0.04,-0.09,-0.11555254936218265,-0.10891394376754764,-0.6454262822969906,-0.7773171336624618
1777067896.8818548,0.04,0.04,-0.01,0.0,0.04,0.04,-0.01,-0.11554422378540043,-0.10890561819076541,-0.6454503316046624,-0.7773398012146184
1777067896.8820808,0.04,0.01,-0.01,0.0,0.04,0.01,-0.01,-0.1155351829528809,-0.10890335798263553,-0.6454764449606422,-0.7773644156401268
1777067896.8823004,-0.04,0.01,-0.01,0.0,-0.04,0.01,-0.01,-0.11554396629333501,-0.108901162147522,-0.6455018165104764,-0.7773883285397015
1777067896.8825183,-0.04,-0.03,0.03,0.0,-0.04,-0.03,0.03,-0.11555268287658696,-0.10890769958496097,-0.6455269971249834,-0.7774120611154568
1777067896.882779,-0.0,0.01,-0.05,0.0,-0.0,0.01,-0.05,-0.11555268287658696,-0.10890509366989139,-0.6455571091727472,-0.7774404408579316
1777067896.882998,-0.0,0.04,-0.09,0.0,-0.0,0.04,-0.09,-0.11555268287658696,-0.10889632940292361,-0.6455824275367865,-0.7774643007704991
1777067896.8832252,-0.0,-0.03,-0.01,0.0,-0.0,-0.03,-0.01,-0.11555268287658696,-0.10890314579010013,-0.6456086825976456,-0.7774890449707139
1777067896.8836982,0.0,-0.08,-0.0,0.0,0.0,-0.08,-0.0,-0.11555268287658696,-0.10894098758697512,-0.6456633416120678,-0.7775405765047593
1777067896.8839169,0.03,-0.04,0.04,0.0,0.03,-0.04,0.04,-0.11554612398147587,-0.10894973278045657,-0.645688603442324,-0.7775643961670822
1777067896.8841436,-0.01,0.07,-0.04,0.0,-0.01,0.07,-0.04,-0.11554839134216313,-0.10893386125564578,-0.6457148024303245,-0.7775890954025344
1777067896.8843718,-0.01,-0.04,-0.0,0.0,-0.01,-0.04,-0.0,-0.11555067300796514,-0.10894298791885379,-0.6457411672322246,-0.7776139525515247
1777067896.8845904,-0.05,0.0,-0.01,0.0,-0.05,0.0,-0.01,-0.11556160449981694,-0.10894298791885379,-0.6457664324469841,-0.7776377707392196
1777067896.8848093,-0.01,0.0,-0.01,0.0,-0.01,0.0,-0.01,-0.11556379318237309,-0.10894298791885379,-0.6457917256928102,-0.7776616149009469
1777067896.886036,-0.01,0.0,-0.01,0.0,-0.01,0.0,-0.01,-0.11557605981826787,-0.10894298791885379,-0.6459334986372045,-0.7777952512975558
1777067897.1102524,-0.01,0.11,-0.01,0.0,-0.01,0.11,-0.01,-0.11781822443008427,-0.08427917718887332,-0.6723502839816223,-0.7966920301581454
1777067897.488875,-0.05,-0.12,-0.01,0.0,-0.05,-0.12,-0.01,-0.13674935102462774,-0.1297138810157776,-0.7241266695010001,-0.84580462820973
1777067897.832302,0.07,0.07,-0.01,0.0,0.07,0.07,-0.01,-0.11270944833755497,-0.10567397832870484,-0.7628341576431212,-0.8820959447179857
